datetime,temperature,humidity
2023-01-01 00:00:00,36.920205127041676,47.19668820780704
2023-01-01 01:00:00,20.314421909191207,46.8683363552197
2023-01-01 02:00:00,20.62853290044482,47.071991746310076
2023-01-01 03:00:00,20.942022363276262,53.86993349416937
2023-01-01 04:00:00,21.25458030180296,50.94313911691755
2023-01-01 05:00:00,21.565897641285577,45.37796241497725
2023-01-01 06:00:00,21.87566653375837,39.88766859871052
2023-01-01 07:00:00,22.183580662446452,48.477413704535316
2023-01-01 08:00:00,22.489335544668915,45.54687970673974
2023-01-01 09:00:00,22.7926288329283,57.77909228865425
2023-01-01 10:00:00,23.09316061388869,54.2887913738888
2023-01-01 11:00:00,23.39063370494675,49.996263283515404
2023-01-01 12:00:00,23.6847539481025,60.05239051133199
2023-01-01 13:00:00,23.975230500839128,51.21098543599952
2023-01-01 14:00:00,24.261776123724353,48.324103681289756
2023-01-01 15:00:00,24.544107464448775,51.89310377130964
2023-01-01 16:00:00,24.821945338020477,44.68926544981979
2023-01-01 17:00:00,25.095015002838732,54.06819711287378
2023-01-01 18:00:00,25.363046432373825,56.922124094476665
2023-01-01 19:00:00,25.62577458218437,44.95332842930717
2023-01-01 20:00:00,25.882939652008048,43.2595737765657
2023-01-01 21:00:00,26.134287342666617,50.782181762705676
2023-01-01 22:00:00,26.37956910753112,51.71147235345592
2023-01-01 23:00:00,26.61854239829868,41.516533296051904
2023-01-02 00:00:00,26.85097090483781,54.34337959294849
2023-01-02 01:00:00,27.076624788865043,52.06829873711604
2023-01-02 02:00:00,27.295280911221884,41.98915054426269
2023-01-02 03:00:00,27.506723052527242,45.993530996888985
2023-01-02 04:00:00,27.71074212698725,51.25990123485247
2023-01-02 05:00:00,27.907136389150935,47.53329594727181
2023-01-02 06:00:00,28.09571163340744,51.339264942198184
2023-01-02 07:00:00,28.27628138602731,53.64858629968045
2023-01-02 08:00:00,28.448667089558178,36.89335285672062
2023-01-02 09:00:00,28.61269827939231,50.77705533709774
2023-01-02 10:00:00,28.768212752331536,47.60059683787481
2023-01-02 11:00:00,28.91505672698284,46.217159492990604
2023-01-02 12:00:00,29.053084995825966,46.60625415759145
2023-01-02 13:00:00,29.182161068802742,48.336314304758965
2023-01-02 14:00:00,29.30215730828604,59.410943882542384
2023-01-02 15:00:00,29.41295505529503,54.670100955368426
2023-01-02 16:00:00,29.514444746831764,49.485450665059254
2023-01-02 17:00:00,29.60652602422321,55.43989861789855
2023-01-02 18:00:00,29.689107832361493,59.76070554483282
2023-01-02 19:00:00,29.762108509744294,49.60896201021284
2023-01-02 20:00:00,29.825455869226275,46.36082429136604
2023-01-02 21:00:00,29.87908726940178,42.01789957095462
2023-01-02 22:00:00,29.922949676548136,46.20244938348726
2023-01-02 23:00:00,29.956999717068378,44.13147017790833
2023-01-03 00:00:00,29.981203720381465,47.06610435322982
2023-01-03 01:00:00,29.995537752217636,45.2582656893686
2023-01-03 02:00:00,54.07560896349019,51.252340463818705
2023-01-03 03:00:00,29.994548978290695,50.438531510763134
2023-01-03 04:00:00,29.979227150282433,43.29301060023056
2023-01-03 05:00:00,29.954037305340126,46.58920264879384
2023-01-03 06:00:00,29.91900435258877,44.9838623158577
2023-01-03 07:00:00,29.87416293456789,53.143226540480036
2023-01-03 08:00:00,29.819557392975067,54.35234535718446
2023-01-03 09:00:00,29.75524172481839,47.72557586492507
2023-01-03 10:00:00,29.68127952902119,51.718453252631924
2023-01-03 11:00:00,29.597743943531892,52.51912547367449
2023-01-03 12:00:00,29.504717573001116,49.80764868137743
2023-01-03 13:00:00,29.40229240709759,47.31096222259641
2023-01-03 14:00:00,29.290569729543627,52.23101439920737
2023-01-03 15:00:00,29.169660017960133,47.96376330117921
2023-01-03 16:00:00,29.039682834620162,47.37000208723475
2023-01-03 17:00:00,28.90076670821906,45.75878492165284
2023-01-03 18:00:00,28.75304900677813,54.427596569110634
2023-01-03 19:00:00,28.596675801807454,39.78647915998016
2023-01-03 20:00:00,28.431801723862225,51.253955466345026
2023-01-03 21:00:00,28.25858980963543,47.05220006049336
2023-01-03 22:00:00,28.07721134073807,61.36125773247042
2023-01-03 23:00:00,27.887845674326314,45.75377998773004
2023-01-04 00:00:00,27.69068006574317,48.58791592469926
2023-01-04 01:00:00,27.485909483349907,54.281301479100705
2023-01-04 02:00:00,27.27373641573049,52.34366827800796
2023-01-04 03:00:00,27.054370671459534,42.963932210540236
2023-01-04 04:00:00,26.82802917163189,54.06393643484672
2023-01-04 05:00:00,26.59493573535896,46.17299726417744
2023-01-04 06:00:00,26.355320858443847,48.90859018719485
2023-01-04 07:00:00,26.10942148545423,50.271369739108614
2023-01-04 08:00:00,25.857480775418395,45.79267296929363
2023-01-04 09:00:00,25.599747861375953,46.17083180350942
2023-01-04 10:00:00,25.336477604021226,52.84540478025987
2023-01-04 11:00:00,25.06793033968273,55.34355833327488
2023-01-04 12:00:00,24.7943716228881,51.61866766673233
2023-01-04 13:00:00,24.516071963768955,52.40471731455377
2023-01-04 14:00:00,24.233306560565346,42.73684660549415
2023-01-04 15:00:00,23.946355027494413,56.20178931750315
2023-01-04 16:00:00,23.655501118252197,47.859533921521084
2023-01-04 17:00:00,23.36103244542216,51.52150220639514
2023-01-04 18:00:00,23.063240196067838,50.69911125846049
2023-01-04 19:00:00,22.762418843790744,53.58067444971002
2023-01-04 20:00:00,22.458865857538505,46.5200173286654
2023-01-04 21:00:00,22.15288140745091,51.68343689797275
2023-01-04 22:00:00,21.844768068034924,52.339065195848676
2023-01-04 23:00:00,21.534830518962167,53.78898622861154
2023-01-05 00:00:00,21.223375243784574,49.40559405057285
2023-01-05 01:00:00,20.91071022686641,53.667358473846626
2023-01-05 02:00:00,20.597144648832103,41.762613777239416
2023-01-05 03:00:00,20.282988580831184,47.60737597671805
2023-01-05 04:00:00,35.42113456581106,55.626567768128524
2023-01-05 05:00:00,19.654147871881833,57.1249444649657
2023-01-05 06:00:00,19.3400850637338,50.89619674116843
2023-01-05 07:00:00,19.026674816316977,57.934229383784356
2023-01-05 08:00:00,18.714227047181314,51.52830161945229
2023-01-05 09:00:00,18.403050722124508,55.42423128806627
2023-01-05 10:00:00,18.09345354966936,53.665049651145125
2023-01-05 11:00:00,17.78574167678441,48.15464249674329
2023-01-05 12:00:00,17.480219386148754,43.908028756587235
2023-01-05 13:00:00,17.177188795260285,45.918284258104684
2023-01-05 14:00:00,16.87694955768511,50.85268978499769
2023-01-05 15:00:00,16.579798566743317,48.975229553375115
2023-01-05 16:00:00,16.28602966192432,48.023198348377036
2023-01-05 17:00:00,15.995933338321965,53.473642111572495
2023-01-05 18:00:00,15.709796459376737,54.405513341365506
2023-01-05 19:00:00,15.427901973209213,59.48779807067443
2023-01-05 20:00:00,15.150528632825127,50.33925181471591
2023-01-05 21:00:00,14.87795072046886,41.1270937814954
2023-01-05 22:00:00,14.61043777639784,56.30820991124583
2023-01-05 23:00:00,14.348254332346077,46.21319043812716
2023-01-06 00:00:00,14.091659649940421,42.3748480315459
2023-01-06 01:00:00,13.840907464328208,54.30517088610694
2023-01-06 02:00:00,13.596245733269742,48.97335231092923
2023-01-06 03:00:00,13.357916391943863,39.07685662657632
2023-01-06 04:00:00,13.1261551137089,54.919730077789545
2023-01-06 05:00:00,12.901191077055717,42.070261600694835
2023-01-06 06:00:00,12.68324673898322,55.208719389588175
2023-01-06 07:00:00,12.472537615020453,51.20317809617824
2023-01-06 08:00:00,12.269272066112826,51.72421533286745
2023-01-06 09:00:00,12.073651092583153,49.374072985594815
2023-01-06 10:00:00,11.885868135371346,53.334995008026375
2023-01-06 11:00:00,11.706108884749176,53.35899307015126
2023-01-06 12:00:00,11.534551096699396,58.353690730970044
2023-01-06 13:00:00,11.371364417140693,51.27828056675561
2023-01-06 14:00:00,11.216710214172316,54.34583985537626
2023-01-06 15:00:00,11.070741418504316,36.17457533007432
2023-01-06 16:00:00,10.933602372231107,47.9269052911894
2023-01-06 17:00:00,10.80542868609795,47.97637891617634
2023-01-06 18:00:00,10.68634710540146,51.42678857053096
2023-01-06 19:00:00,10.576475384656813,48.140157208931775
2023-01-06 20:00:00,10.475922171155489,46.159005548016445
2023-01-06 21:00:00,10.384786897528747,55.6790434710387
2023-01-06 22:00:00,10.303159683423125,50.73892313186917
2023-01-06 23:00:00,10.231121246385076,51.444637678814566
2023-01-07 00:00:00,10.168742822042958,49.98792729076688
2023-01-07 01:00:00,10.116086093665274,44.112799643055325
2023-01-07 02:00:00,10.073203131164798,49.13582555056575
2023-01-07 03:00:00,10.040136339608956,44.54282697471308
2023-01-07 04:00:00,10.016918417287318,43.5796241030866
2023-01-07 05:00:00,10.0035723233777,47.55941673783061
2023-01-07 06:00:00,32.82684655441872,35.71671937381721
2023-01-07 07:00:00,10.006538635380192,53.528314463185104
2023-01-07 08:00:00,10.022848108037385,56.386501025794516
2023-01-07 09:00:00,10.049023545497338,50.086707669111505
2023-01-07 10:00:00,10.085039064026152,44.076622743803526
2023-01-07 11:00:00,10.130859049468398,41.63242462538402
2023-01-07 12:00:00,10.186438192464403,49.28248845049418
2023-01-07 13:00:00,10.251721533254656,56.210692579433484
2023-01-07 14:00:00,10.326644516027097,50.618522096339284
2023-01-07 15:00:00,10.411133052753502,45.717604503162036
2023-01-07 16:00:00,10.505103596451864,51.458034098834155
2023-01-07 17:00:00,10.608463223802321,54.95960470304223
2023-01-07 18:00:00,10.721109727034905,56.0456400872003
2023-01-07 19:00:00,10.842931714998304,54.91249839040065
2023-01-07 20:00:00,10.973808723309658,45.12914894641
2023-01-07 21:00:00,11.11361133347644,50.64525228728143
2023-01-07 22:00:00,11.26220130087271,52.64699941572358
2023-01-07 23:00:00,11.41943169144312,47.36705610867203
2023-01-08 00:00:00,11.585147026999497,54.5303506714623
2023-01-08 01:00:00,11.759183438966355,51.66694731437166
2023-01-08 02:00:00,11.941368830423304,55.211578278907986
2023-01-08 03:00:00,12.131523046284098,48.69644722811228
2023-01-08 04:00:00,12.32945805144401,54.666786614012686
2023-01-08 05:00:00,12.534978116719474,45.336142686552975
2023-01-08 06:00:00,12.747880012396022,55.9542830243162
2023-01-08 07:00:00,12.967953209193158,56.35911657231995
2023-01-08 08:00:00,13.194980086447469,54.521605104840035
2023-01-08 09:00:00,13.42873614730811,45.98898097855148
2023-01-08 10:00:00,13.668990240731784,57.31624726840888
2023-01-08 11:00:00,13.91550479005782,51.18301162534132
2023-01-08 12:00:00,14.16803602793726,44.790015363307724
2023-01-08 13:00:00,14.426334237383575,51.287093140020474
2023-01-08 14:00:00,14.690143998706795,52.177094625583464
2023-01-08 15:00:00,14.959204442086747,46.42707844068317
2023-01-08 16:00:00,15.23324950553572,51.93189455878689
2023-01-08 17:00:00,15.512008197995375,55.892725223798976
2023-01-08 18:00:00,15.795204867307849,51.93204232533773
2023-01-08 19:00:00,16.08255947279602,47.24758917607734
2023-01-08 20:00:00,16.373787862183327,54.45731445834115
2023-01-08 21:00:00,16.668602052579416,51.15296827890688
2023-01-08 22:00:00,16.966710515253727,61.117908178912444
2023-01-08 23:00:00,17.267818463915336,56.81007290906324
2023-01-09 00:00:00,17.571628146214127,51.492847252898315
2023-01-09 01:00:00,17.877839138174913,51.16189362731701
2023-01-09 02:00:00,18.186148641273483,46.37567013262946
2023-01-09 03:00:00,18.49625178186063,58.47967266616494
2023-01-09 04:00:00,18.807841912638256,49.65808352504251
2023-01-09 05:00:00,19.12061091588938,52.39404217953783
2023-01-09 06:00:00,19.434249508162072,50.05267372794117
2023-01-09 07:00:00,19.74844754610623,49.26404870447401
2023-01-09 08:00:00,40.844136164752385,48.706343710572696
2023-01-09 09:00:00,20.377278926787167,49.34591120652761
2023-01-09 10:00:00,20.691290445947836,52.644933152347136
2023-01-09 11:00:00,21.00461837852167,53.832169019788296
2023-01-09 12:00:00,21.31695288835623,60.331589293578624
2023-01-09 13:00:00,21.62798512165094,54.66203299378511
2023-01-09 14:00:00,21.937407512368967,56.217369139704886
2023-01-09 15:00:00,22.24491408637572,51.99466082276919
2023-01-09 16:00:00,22.5502007640031,47.42238088908971
2023-01-09 17:00:00,22.852965660740487,44.13044787468756
2023-01-09 18:00:00,23.152909385755017,48.184344231790526
2023-01-09 19:00:00,23.4497353379459,41.23320080270496
2023-01-09 20:00:00,23.743149999240178,54.341932358464376
2023-01-09 21:00:00,24.032863224839804,40.74991941799283
2023-01-09 22:00:00,24.31858853013297,47.833277422431614
2023-01-09 23:00:00,24.6000433739861,57.28899228784244
2023-01-10 00:00:00,24.876949438136336,51.128004515357574
2023-01-10 01:00:00,25.149032902408123,48.28752088037072
2023-01-10 02:00:00,25.416024715481896,42.30399320208409
2023-01-10 03:00:00,25.67766086094707,55.06369023533165
2023-01-10 04:00:00,25.9336826183762,51.585932321662554
2023-01-10 05:00:00,26.18383681916215,58.04618907307484
2023-01-10 06:00:00,26.427876096865383,49.37651686136635
2023-01-10 07:00:00,26.665559131823713,42.47161123201732
2023-01-10 08:00:00,26.896650889782613,53.95445818894279
2023-01-10 09:00:00,27.120922854310248,46.46760858078616
2023-01-10 10:00:00,27.33815325276727,49.623082468607784
2023-01-10 11:00:00,27.548127275607985,49.067845585134116
2023-01-10 12:00:00,27.750637288796014,46.41179606834633
2023-01-10 13:00:00,27.945483039124433,52.80441283249359
2023-01-10 14:00:00,28.132471852237323,47.90607733427992
2023-01-10 15:00:00,28.311418823156934,47.10350288318348
2023-01-10 16:00:00,28.48214699912802,47.331069445471755
2023-01-10 17:00:00,28.644487554598648,47.59894651254683
2023-01-10 18:00:00,28.798279958164294,47.24843080839602
2023-01-10 19:00:00,28.94337213131027,58.65420151847129
2023-01-10 20:00:00,29.079620598795458,52.9080617107442
2023-01-10 21:00:00,29.20689063052863,54.247294596119175
2023-01-10 22:00:00,29.32505637479707,44.63411545162582
2023-01-10 23:00:00,29.43400098271581,39.84378777211894
2023-01-11 00:00:00,29.53361672377429,49.36395566053123
2023-01-11 01:00:00,29.623805092366332,42.261058850762204
2023-01-11 02:00:00,29.704476905197968,46.946125031997205
2023-01-11 03:00:00,29.77555238947686,46.95540249172187
2023-01-11 04:00:00,29.836961261796098,54.90528418577143
2023-01-11 05:00:00,29.888642797634354,55.90249594236967
2023-01-11 06:00:00,29.930545891403675,47.75174705125756
2023-01-11 07:00:00,29.962629106985545,47.564824701961136
2023-01-11 08:00:00,29.984860718705225,47.24877966774802
2023-01-11 09:00:00,29.997218742703886,48.85929244742572
2023-01-11 10:00:00,51.33367554013067,47.79724845197064
2023-01-11 11:00:00,29.992274921960792,53.25376242226441
2023-01-11 12:00:00,29.974977965944998,48.048014090338405
2023-01-11 13:00:00,29.947817194825852,49.96908780239838
2023-01-11 14:00:00,29.9108194666902,47.42369283536678
2023-01-11 15:00:00,29.864021366957147,42.5209980372351
2023-01-11 16:00:00,29.8074691722004,46.57096980868403
2023-01-11 17:00:00,29.741218804387366,53.28584227379933
2023-01-11 18:00:00,29.665335775580417,48.454707584768144
2023-01-11 19:00:00,29.57989512315489,60.367732861684395
2023-01-11 20:00:00,29.484981335597958,50.682226953628614
2023-01-11 21:00:00,29.380688268961663,47.540144784626044
2023-01-11 22:00:00,29.267119054052856,54.65946481974787
2023-01-11 23:00:00,29.14438599445166,49.865413348145495
2023-01-12 00:00:00,29.01261045545945,43.81350962436516
2023-01-12 01:00:00,28.871922744086042,50.690222185134026
2023-01-12 02:00:00,28.722461980194872,49.66308602647337
2023-01-12 03:00:00,28.564375958933468,42.93383077460992
2023-01-12 04:00:00,28.397821004585403,49.28695306713701
2023-01-12 05:00:00,28.2229618159881,49.9111801483036
2023-01-12 06:00:00,28.03997130366941,57.40946917328987
2023-01-12 07:00:00,27.849030418864047,45.47943362368941
2023-01-12 08:00:00,27.6503279745789,54.840696750844586
2023-01-12 09:00:00,27.444060458884202,53.30634853595977
2023-01-12 10:00:00,27.230431840615104,45.49547993657793
2023-01-12 11:00:00,27.00965336767598,56.44478216398494
2023-01-12 12:00:00,26.78194335814667,38.972438086765806
2023-01-12 13:00:00,26.547526984397354,53.07299125823198
2023-01-12 14:00:00,26.306636050425574,54.011097297070265
2023-01-12 15:00:00,26.059508762635495,51.73212671661985
2023-01-12 16:00:00,25.80638949428607,55.17756061568252
2023-01-12 17:00:00,25.54752854384118,56.3660931894893
2023-01-12 18:00:00,25.283181887460522,56.995435734878484
2023-01-12 19:00:00,25.013610925876065,54.79563701615801
2023-01-12 20:00:00,24.739082225904436,53.37878453800064
2023-01-12 21:00:00,24.459867256850764,47.531397411552206
2023-01-12 22:00:00,24.176242122064686,52.29665307584522
2023-01-12 23:00:00,23.88848728591389,43.433800526665195
2023-01-13 00:00:00,23.596887296445367,41.52096290892742
2023-01-13 01:00:00,23.301730504008376,51.881611315841184
2023-01-13 02:00:00,23.00330877611751,48.4224734969115
2023-01-13 03:00:00,22.701917208837827,45.09578316538078
2023-01-13 04:00:00,22.39785383497736,50.635542838668776
2023-01-13 05:00:00,22.09141932937569,38.77894394830916
2023-01-13 06:00:00,21.782916711579773,49.07359638559101
2023-01-13 07:00:00,21.47265104620142,50.30683368114599
2023-01-13 08:00:00,21.16092914125231,48.624695286222874
2023-01-13 09:00:00,20.8480592447551,54.579490373810266
2023-01-13 10:00:00,20.534350739930577,48.50199092931897
2023-01-13 11:00:00,20.220113839262293,55.026439308548156
2023-01-13 12:00:00,41.7003446612339,47.52151346466494
2023-01-13 13:00:00,19.591298005592897,58.780219166219055
2023-01-13 14:00:00,19.27734088079414,50.03276954316541
2023-01-13 15:00:00,18.964098361677614,39.973266694001794
2023-01-13 16:00:00,18.651880199934162,46.096403006291304
2023-01-13 17:00:00,18.34099513431287,53.6098545643162
2023-01-13 18:00:00,18.031750585322964,46.3423050161672
2023-01-13 19:00:00,17.72445235123919,50.261278223677714
2023-01-13 20:00:00,17.41940430571151,51.14832049848586
2023-01-13 21:00:00,17.11690809727779,47.038430788200266
2023-01-13 22:00:00,16.81726285107692,55.19153361281537
2023-01-13 23:00:00,16.520764873057164,50.735898748739174
2023-01-14 00:00:00,16.227707356972317,42.23360448508272
2023-01-14 01:00:00,15.93838009445529,49.250809881286315
2023-01-14 02:00:00,15.653069188456055,53.75313538223496
2023-01-14 03:00:00,15.37205677032702,42.171663805011676
2023-01-14 04:00:00,15.095620720835802,47.49954528668356
2023-01-14 05:00:00,14.82403439538122,49.648926533316725
2023-01-14 06:00:00,14.557566353684212,60.47873536738345
2023-01-14 07:00:00,14.296480094221,50.186758498401616
2023-01-14 08:00:00,14.041033793661036,48.48390929540157
2023-01-14 09:00:00,13.791480051567575,51.34025933233747
2023-01-14 10:00:00,13.548065640613075,47.3604910190852
2023-01-14 11:00:00,13.311031262556611,55.74215688223586
2023-01-14 12:00:00,13.08061131022454,58.02413325779823
2023-01-14 13:00:00,12.857033635729804,48.1041132918939
2023-01-14 14:00:00,12.640519325158976,47.86868039364125
2023-01-14 15:00:00,12.431282479950092,47.69798506863827
2023-01-14 16:00:00,12.229530005177123,47.098209833230676
2023-01-14 17:00:00,12.035461404950714,48.02014866041272
2023-01-14 18:00:00,11.84926858513738,61.423777005499666
2023-01-14 19:00:00,11.671135663592267,45.29687594398535
2023-01-14 20:00:00,11.501238788093145,53.02839759512962
2023-01-14 21:00:00,11.339745962155622,59.49488158936158
2023-01-14 22:00:00,11.186816878901936,52.677755577218676
2023-01-14 23:00:00,11.042602763147451,47.44940691529401
2023-01-15 00:00:00,10.907246221861119,39.7153771584813
2023-01-15 01:00:00,10.78088110314775,54.88506768191873
2023-01-15 02:00:00,10.663632363891539,47.798407386220845
2023-01-15 03:00:00,10.555615946191718,52.52486879118093
2023-01-15 04:00:00,10.456938662712517,43.63015536388886
2023-01-15 05:00:00,10.367698091060877,43.11535547572649
2023-01-15 06:00:00,10.28798247729624,55.14055383868722
2023-01-15 07:00:00,10.217870648667917,49.56039793469406
2023-01-15 08:00:00,10.157431935666315,54.120128732576866
2023-01-15 09:00:00,10.106726103465068,49.00710944679081
2023-01-15 10:00:00,10.065803292821895,51.371604141416874
2023-01-15 11:00:00,10.034703970496635,53.86774996284466
2023-01-15 12:00:00,10.013458889235435,46.35036936225634
2023-01-15 13:00:00,10.002089057360738,47.46849642671554
2023-01-15 14:00:00,33.79537790733548,48.45770391011824
2023-01-15 15:00:00,10.009010337953185,41.95808087679446
2023-01-15 16:00:00,10.027294606271672,45.09535167393309
2023-01-15 17:00:00,10.055440442447223,52.51706242071947
2023-01-15 18:00:00,10.09342001430568,47.324080007714926
2023-01-15 19:00:00,10.14119576552604,51.59964729968937
2023-01-15 20:00:00,10.198720452778232,48.94063426085545
2023-01-15 21:00:00,10.265937192439972,52.47596536705356
2023-01-15 22:00:00,10.342779516846448,44.60515972656362
2023-01-15 23:00:00,10.429171440017287,44.28620262305181
2023-01-16 00:00:00,10.525027532795697,55.08810524996216
2023-01-16 01:00:00,10.630253007325615,43.60338929588567
2023-01-16 02:00:00,10.744743810783216,46.88555538564203
2023-01-16 03:00:00,10.868386728270163,34.19640781791071
2023-01-16 04:00:00,11.001059494766816,60.21031367810991
2023-01-16 05:00:00,11.142630916034697,52.789075771249394
2023-01-16 06:00:00,11.292960998348716,47.99892656974982
2023-01-16 07:00:00,11.451901086930732,54.91800680848395
2023-01-16 08:00:00,11.61929401294773,54.62702205623504
2023-01-16 09:00:00,11.794974248929119,40.18192719594745
2023-01-16 10:00:00,11.978768072449558,45.21636582280895
2023-01-16 11:00:00,12.170493737915356,53.294231480745864
2023-01-16 12:00:00,12.369961656284715,53.583060588823514
2023-01-16 13:00:00,12.576974582543896,40.36467212720517
2023-01-16 14:00:00,12.79132781075414,56.92249581727721
2023-01-16 15:00:00,13.01280937647632,52.397374620148256
2023-01-16 16:00:00,13.241200266373204,55.68582505820716
2023-01-16 17:00:00,13.476274634782087,50.57509826115898
2023-01-16 18:00:00,13.71780002704356,50.516878436912314
2023-01-16 19:00:00,13.965537609365725,55.529388896960576
2023-01-16 20:00:00,14.21924240499628,41.59863596749415
2023-01-16 21:00:00,14.478663536469288,55.318338620038524
2023-01-16 22:00:00,14.743544473686786,48.29910367575274
2023-01-16 23:00:00,15.013623287590079,46.12684915362795
2023-01-17 00:00:00,15.288632909169818,42.76589555305179
2023-01-17 01:00:00,15.568301393558722,48.644848830995834
2023-01-17 02:00:00,15.852352188945915,47.76808452872004
2023-01-17 03:00:00,16.1405044100467,43.695570954547264
2023-01-17 04:00:00,16.432473115857672,49.84349894763091
2023-01-17 05:00:00,16.727969591422276,48.060292332224925
2023-01-17 06:00:00,17.026701633328273,55.86815603603071
2023-01-17 07:00:00,17.328373838654766,49.36089235049364
2023-01-17 08:00:00,17.632687897083184,51.918827428040224
2023-01-17 09:00:00,17.939342885883057,51.76240215473737
2023-01-17 10:00:00,18.2480355674813,36.369399740958556
2023-01-17 11:00:00,18.558460689320405,45.10252281117268
2023-01-17 12:00:00,18.870311285709263,41.78607348273664
2023-01-17 13:00:00,19.18327898136793,52.58388171327265
2023-01-17 14:00:00,19.49705429636632,46.64288624079984
2023-01-17 15:00:00,19.811326952155312,39.887019001430524
2023-01-17 16:00:00,36.013143620171334,49.52863271555055
2023-01-17 17:00:00,20.440121020223806,47.70213118039988
2023-01-17 18:00:00,20.754020645824006,51.300137164493876
2023-01-17 19:00:00,21.067174653713582,44.28817737603971
2023-01-17 20:00:00,21.379273379726513,54.48200475588928
2023-01-17 21:00:00,21.690008203218472,43.55600217849087
2023-01-17 22:00:00,21.99907185224803,44.666909228914754
2023-01-17 23:00:00,22.306158707424387,55.57771424179596
2023-01-18 00:00:00,22.610965104120872,52.383088850111015
2023-01-18 01:00:00,22.913189632755465,49.41255411645713
2023-01-18 02:00:00,23.212533436841433,55.30780802706175
2023-01-18 03:00:00,23.508700508513286,56.20834940352999
2023-01-18 04:00:00,23.80139798123595,53.74734274674219
2023-01-18 05:00:00,24.090336419407446,46.509484141698664
2023-01-18 06:00:00,24.37523010456903,55.56293173276595
2023-01-18 07:00:00,24.655797317939562,45.97275299653875
2023-01-18 08:00:00,24.931760618994737,57.28335826129701
2023-01-18 09:00:00,25.20284711981577,40.724838822156464
2023-01-18 10:00:00,25.468788754936256,47.767329682026585
2023-01-18 11:00:00,25.729322546420185,45.816687914308964
2023-01-18 12:00:00,25.984190863909255,52.8871576201337
2023-01-18 13:00:00,26.233141679382157,53.11355684092317
2023-01-18 14:00:00,26.475928816373933,45.69530657544829
2023-01-18 15:00:00,26.712312193409023,58.4066795111772
2023-01-18 16:00:00,26.94205806140721,47.30871246812505
2023-01-18 17:00:00,27.16493923482782,56.66709013397515
2023-01-18 18:00:00,27.38073531632338,46.69766418723477
2023-01-18 19:00:00,27.58923291468088,41.211864319122775
2023-01-18 20:00:00,27.790225855834905,53.429104529237364
2023-01-18 21:00:00,27.983515386744052,54.60091012181216
2023-01-18 22:00:00,28.16891037192904,49.191693249134964
2023-01-18 23:00:00,28.346227482478163,53.38054984320789
2023-01-19 00:00:00,28.515291377333106,47.98017820608633
2023-01-19 01:00:00,28.675934876676006,51.54970074046074
2023-01-19 02:00:00,28.82799912724619,46.048919998185525
2023-01-19 03:00:00,28.97133375942314,47.68032780895286
2023-01-19 04:00:00,29.105797035920354,51.721332728550315
2023-01-19 05:00:00,29.231255991943115,55.631853352899064
2023-01-19 06:00:00,29.347586566671502,46.6613894535932
2023-01-19 07:00:00,29.45467372593863,56.383286510689366
2023-01-19 08:00:00,29.552411575982866,42.87380205040425
2023-01-19 09:00:00,29.640703468161504,54.18247650458423
2023-01-19 10:00:00,29.719462094522335,41.85211529432121
2023-01-19 11:00:00,29.78860957413861,47.823024085603755
2023-01-19 12:00:00,29.848077530122076,48.20340535660994
2023-01-19 13:00:00,29.897807157237832,47.85661053041353
2023-01-19 14:00:00,29.93774928005424,47.302867806505475
2023-01-19 15:00:00,29.967864401570342,54.96941275530422
2023-01-19 16:00:00,29.988122742272694,51.418967990793526
2023-01-19 17:00:00,29.998504269583,49.44215417216043
2023-01-19 18:00:00,48.133757601451734,49.01815914406674
2023-01-19 19:00:00,29.989605597588273,56.28639569260952
2023-01-19 20:00:00,29.970334197786904,51.203977943944594
2023-01-19 21:00:00,29.941203574899394,52.07131038545752
2023-01-19 22:00:00,29.902242534911988,49.5177710379132
2023-01-19 23:00:00,29.853489604676167,50.763209182831226
2023-01-20 00:00:00,29.794992993811164,41.16753350921888
2023-01-20 01:00:00,29.726810547031604,46.53894774218911
2023-01-20 02:00:00,29.649009686947394,43.70586324660628
2023-01-20 03:00:00,29.561667347392515,49.961158378409166
2023-01-20 04:00:00,29.464869897348528,58.03704424458716
2023-01-20 05:00:00,29.358713055538125,52.87583416642894
2023-01-20 06:00:00,29.243301795773085,44.22703572381995
2023-01-20 07:00:00,29.118750243150345,53.72191147823737
2023-01-20 08:00:00,28.98518156119868,58.09694906703312
2023-01-20 09:00:00,28.84272783008779,52.06935829341357
2023-01-20 10:00:00,28.691529916019995,43.66146144859534
2023-01-20 11:00:00,28.531737331933936,39.07376841439685
2023-01-20 12:00:00,28.363508089657767,53.768083616881256
2023-01-20 13:00:00,28.187008543658287,54.88698547840073
2023-01-20 14:00:00,28.002413226540334,42.645575591464215
2023-01-20 15:00:00,27.809904676459187,50.10012570575506
2023-01-20 16:00:00,27.609673256616688,50.567655785884554
2023-01-20 17:00:00,27.401916967019446,40.68737552924304
2023-01-20 18:00:00,27.18684124868539,44.40468534180183
2023-01-20 19:00:00,26.964658780492226,56.011751273416344
2023-01-20 20:00:00,26.735589268868676,48.843190323853534
2023-01-20 21:00:00,26.499859230536483,44.433268682520115
2023-01-20 22:00:00,26.257701768518075,56.862068347313766
2023-01-20 23:00:00,26.009356341631243,51.139475945538194
2023-01-21 00:00:00,25.75506852769891,39.42875344460383
2023-01-21 01:00:00,25.49508978070807,46.925832338511576
2023-01-21 02:00:00,25.22967718215803,53.98113470920755
2023-01-21 03:00:00,24.959093186843916,49.716520804188384
2023-01-21 04:00:00,24.683605363326624,50.3617934763416
2023-01-21 05:00:00,24.40348612934621,43.96523007263442
2023-01-21 06:00:00,24.119012482439942,56.92350115156145
2023-01-21 07:00:00,23.83046572603169,44.846321072355735
2023-01-21 08:00:00,23.538131191263396,44.789491003467255
2023-01-21 09:00:00,23.242297954843718,45.20831592564234
2023-01-21 10:00:00,22.94325855319284,46.79876328570746
2023-01-21 11:00:00,22.64130869316608,51.863448106457945
2023-01-21 12:00:00,22.33674695964254,50.71802641064252
2023-01-21 13:00:00,22.029874520267626,47.43804437523322
2023-01-21 14:00:00,21.720994827641704,44.910677356048495
2023-01-21 15:00:00,21.4104133192492,56.38018367260344
2023-01-21 16:00:00,21.098437115425025,45.1081548929157
2023-01-21 17:00:00,20.78537471565672,54.92331795384245
2023-01-21 18:00:00,20.471535693523077,53.669645286441174
2023-01-21 19:00:00,20.157230390570426,45.33399137243385
2023-01-21 20:00:00,36.43299073748766,54.97983340665188
2023-01-21 21:00:00,19.528464306476955,53.08444619035157
2023-01-21 22:00:00,19.214625284343313,57.150797683951616
2023-01-21 23:00:00,18.90156288457502,55.32479343494517
2023-01-22 00:00:00,18.589586680750827,51.02565896083584
2023-01-22 01:00:00,18.27900517235833,47.01083769939978
2023-01-22 02:00:00,17.970125479732403,45.36551141495467
2023-01-22 03:00:00,17.66325304035749,62.720573745621806
2023-01-22 04:00:00,17.358691306833947,39.33452666250156
2023-01-22 05:00:00,17.056741446807187,58.48055088357627
2023-01-22 06:00:00,16.75770204515631,46.23183180433309
2023-01-22 07:00:00,16.461868808736615,57.937175534609395
2023-01-22 08:00:00,16.16953427396834,49.29213040667532
2023-01-22 09:00:00,15.880987517560103,51.67504698297545
2023-01-22 10:00:00,15.596513870653817,50.036959928702665
2023-01-22 11:00:00,15.316394636673419,49.548076948166006
2023-01-22 12:00:00,15.040906813156111,50.63859679311131
2023-01-22 13:00:00,14.770322817841993,59.93363600315899
2023-01-22 14:00:00,14.50491021929194,49.799198595761716
2023-01-22 15:00:00,14.244931472301113,56.175169643532094
2023-01-22 16:00:00,13.990643658368796,51.799358697651854
2023-01-22 17:00:00,13.74229823148195,49.69934821033338
2023-01-22 18:00:00,13.500140769463552,49.87084766750444
2023-01-22 19:00:00,13.264410731131345,49.35871392505402
2023-01-22 20:00:00,13.035341219507798,43.38659456303158
2023-01-22 21:00:00,12.813158751314617,45.40962296014906
2023-01-22 22:00:00,12.598083032980576,56.886589990463925
2023-01-22 23:00:00,12.390326743383344,49.079206489926904
2023-01-23 00:00:00,12.190095323540831,50.7828917869484
2023-01-23 01:00:00,11.997586773459695,55.41410862568595
2023-01-23 02:00:00,11.812991456341722,46.16155866566853
2023-01-23 03:00:00,11.636491910342249,58.05200812113986
2023-01-23 04:00:00,11.46826266806609,45.023421056287866
2023-01-23 05:00:00,11.30847008398002,49.64735676239404
2023-01-23 06:00:00,11.157272169912236,46.63318764396059
2023-01-23 07:00:00,11.014818438801331,57.98497759979839
2023-01-23 08:00:00,10.881249756849673,49.44214113657974
2023-01-23 09:00:00,10.756698204226918,43.183574622087356
2023-01-23 10:00:00,10.641286944461886,44.17247783902015
2023-01-23 11:00:00,10.535130102651486,54.431420766139695
2023-01-23 12:00:00,10.438332652607494,44.49480477526418
2023-01-23 13:00:00,10.350990313052616,46.537838212367085
2023-01-23 14:00:00,10.273189452968401,50.854933322200935
2023-01-23 15:00:00,10.20500700618884,50.59377430066823
2023-01-23 16:00:00,10.146510395323835,55.21553886271326
2023-01-23 17:00:00,10.097757465088018,48.629623719152654
2023-01-23 18:00:00,10.058796425100612,45.94800585100017
2023-01-23 19:00:00,10.0296658022131,39.124681904866236
2023-01-23 20:00:00,10.010394402411727,43.99770189656864
2023-01-23 21:00:00,10.001001282332512,61.06471837462615
2023-01-23 22:00:00,32.894486952596665,51.896792976852595
2023-01-23 23:00:00,10.011877257727308,48.79874508818192
2023-01-24 00:00:00,10.032135598429656,54.69855134580193
2023-01-24 01:00:00,10.062250719945755,43.51597860476322
2023-01-24 02:00:00,10.102192842762163,56.784643994868404
2023-01-24 03:00:00,10.151922469877915,50.89038601087436
2023-01-24 04:00:00,10.211390425861385,47.34196389401109
2023-01-24 05:00:00,10.28053790547766,46.19549805668869
2023-01-24 06:00:00,10.359296531838483,54.04132200421065
2023-01-24 07:00:00,10.447588424017127,44.5535238234032
2023-01-24 08:00:00,10.545326274061356,56.52425573724699
2023-01-24 09:00:00,10.652413433328485,53.92749373699844
2023-01-24 10:00:00,10.768744008056867,44.34000831684162
2023-01-24 11:00:00,10.894202964079643,52.44347227713595
2023-01-24 12:00:00,11.02866624057685,44.282478193263984
2023-01-24 13:00:00,11.172000872753786,39.40994362471887
2023-01-24 14:00:00,11.32406512332398,46.77766417358977
2023-01-24 15:00:00,11.484708622666872,53.61717862753938
2023-01-24 16:00:00,11.653772517521821,46.057173222423806
2023-01-24 17:00:00,11.831089628070933,40.496147465485606
2023-01-24 18:00:00,12.016484613255939,55.70091011000932
2023-01-24 19:00:00,12.209774144165078,48.106406067100096
2023-01-24 20:00:00,12.410767085319089,52.824229737369805
2023-01-24 21:00:00,12.619264683676601,50.71876540025401
2023-01-24 22:00:00,12.835060765172148,54.02665543201297
2023-01-24 23:00:00,13.05794193859277,50.990776958977186
2023-01-25 00:00:00,13.287687806590956,57.38180364951832
2023-01-25 01:00:00,13.524071183626058,52.69074199540072
2023-01-25 02:00:00,13.766858320617818,52.7011380595789
2023-01-25 03:00:00,14.015809136090704,44.911717880627556
2023-01-25 04:00:00,14.27067745357979,58.11187870559738
2023-01-25 05:00:00,14.531211245063702,48.25764394466657
2023-01-25 06:00:00,14.797152880184203,54.02613935341325
2023-01-25 07:00:00,15.068239381005236,57.81637545588148
2023-01-25 08:00:00,15.344202682060427,52.92891725928589
2023-01-25 09:00:00,15.62476989543094,51.16642018250794
2023-01-25 10:00:00,15.909663580592511,50.530807960308834
2023-01-25 11:00:00,16.19860201876402,52.61711538556434
2023-01-25 12:00:00,16.49129949148667,47.92489801818118
2023-01-25 13:00:00,16.787466563158556,47.58803992230886
2023-01-25 14:00:00,17.086810367244507,53.12125607978103
2023-01-25 15:00:00,17.38903489587908,45.61711301959486
2023-01-25 16:00:00,17.693841292575584,46.66915607387613
2023-01-25 17:00:00,18.000928147751925,53.1388664017543
2023-01-25 18:00:00,18.3099917967815,58.29506038872505
2023-01-25 19:00:00,18.620726620273437,46.91761875786508
2023-01-25 20:00:00,18.932825346286407,46.70104675374465
2023-01-25 21:00:00,19.24597935417596,55.778513735956345
2023-01-25 22:00:00,19.559878979776148,40.708720372744594
2023-01-25 23:00:00,19.874213821612575,48.66173584432951
2023-01-26 00:00:00,35.43550433213609,42.46122725614179
2023-01-26 01:00:00,20.502945703633653,54.28179142997227
2023-01-26 02:00:00,20.81672101863204,58.261502603235265
2023-01-26 03:00:00,21.129688714290722,46.026031696212904
2023-01-26 04:00:00,21.441539310679563,47.39660901198413
2023-01-26 05:00:00,21.751964432518655,46.589193163562925
2023-01-26 06:00:00,22.06065711411691,47.11072325442184
2023-01-26 07:00:00,22.36731210291677,52.181062298506056
2023-01-26 08:00:00,22.671626161345205,50.10062118204526
2023-01-26 09:00:00,22.9732983666717,55.09813353877548
2023-01-26 10:00:00,23.272030408577713,45.72327062826895
2023-01-26 11:00:00,23.5675268841423,58.758363648800206
2023-01-26 12:00:00,23.859495589953255,54.535860204237416
2023-01-26 13:00:00,24.147647811054057,54.71287786143674
2023-01-26 14:00:00,24.431698606441238,53.39042743407386
2023-01-26 15:00:00,24.711367090830173,53.83102374480924
2023-01-26 16:00:00,24.986376712409893,48.28264029321989
2023-01-26 17:00:00,25.256455526313204,53.44385441513217
2023-01-26 18:00:00,25.521336463530687,49.27230648277176
2023-01-26 19:00:00,25.78075759500368,49.294403143894485
2023-01-26 20:00:00,26.034462390634253,40.93139260899194
2023-01-26 21:00:00,26.282199972956402,48.04321354002581
2023-01-26 22:00:00,26.523725365217903,47.0219666739437
2023-01-26 23:00:00,26.758799733626773,47.00408525905068
2023-01-27 00:00:00,26.987190623523645,42.454378626599656
2023-01-27 01:00:00,27.20867218924584,53.460191566019766
2023-01-27 02:00:00,27.42302541745607,43.03775918578651
2023-01-27 03:00:00,27.630038343715263,56.238734484501876
2023-01-27 04:00:00,27.829506262084614,51.31284985028344
2023-01-27 05:00:00,28.021231927550435,50.694290252949884
2023-01-27 06:00:00,28.205025751070863,51.78317359238384
2023-01-27 07:00:00,28.380705987052245,53.81790306831863
2023-01-27 08:00:00,28.54809891306925,51.06919347517262
2023-01-27 09:00:00,28.70703900165126,47.76013686205643
2023-01-27 10:00:00,28.85736908396529,52.833380787964295
2023-01-27 11:00:00,28.998940505233172,51.920896815745785
2023-01-27 12:00:00,29.13161327172983,53.0997337111943
2023-01-27 13:00:00,29.255256189216773,57.879596209104974
2023-01-27 14:00:00,29.36974699267437,54.13056085585052
2023-01-27 15:00:00,29.474972467204292,49.01986845126983
2023-01-27 16:00:00,29.5708285599827,52.238927390584976
2023-01-27 17:00:00,29.657220483153544,52.99049727037106
2023-01-27 18:00:00,29.734062807560022,55.6014272393339
2023-01-27 19:00:00,29.801279547221768,47.94832685738252
2023-01-27 20:00:00,29.858804234473954,36.5970161005947
2023-01-27 21:00:00,29.906579985694314,43.19951067878273
2023-01-27 22:00:00,29.944559557552775,44.609407483699904
2023-01-27 23:00:00,29.972705393728326,55.369167298725266
2023-01-28 00:00:00,29.990989662046815,64.77098513803418
2023-01-28 01:00:00,29.99939428200294,60.168646014342315
2023-01-28 02:00:00,54.85588295675876,49.12505042411059
2023-01-28 03:00:00,29.986541110764563,53.846761829507244
2023-01-28 04:00:00,29.96529602950337,48.508866194397584
2023-01-28 05:00:00,29.93419670717811,50.28789056451014
2023-01-28 06:00:00,29.89327389653494,44.24292832058924
2023-01-28 07:00:00,29.842568064333687,50.345958968613296
2023-01-28 08:00:00,29.782129351332088,39.50274803046692
2023-01-28 09:00:00,29.71201752270377,50.126929628475054
2023-01-28 10:00:00,29.63230190893913,52.74183737790811
2023-01-28 11:00:00,29.543061337287497,48.86845828503666
2023-01-28 12:00:00,29.444384053808292,45.64323940622694
2023-01-28 13:00:00,29.33636763610847,50.83079589749569
2023-01-28 14:00:00,29.219118896852255,56.286381673311965
2023-01-28 15:00:00,29.092753778138892,53.48561653627059
2023-01-28 16:00:00,28.95739723685257,49.71058749094053
2023-01-28 17:00:00,28.813183121098078,43.16013204915742
2023-01-28 18:00:00,28.660254037844403,49.101415232203266
2023-01-28 19:00:00,28.49876121190687,50.63005167241651
2023-01-28 20:00:00,28.328864336407747,43.555999966791006
2023-01-28 21:00:00,28.150731414862626,53.89718229161316
2023-01-28 22:00:00,27.964538595049305,59.134380622111436
2023-01-28 23:00:00,27.770469994822907,51.97456356079413
2023-01-29 00:00:00,27.56871752004993,56.795303798694775
2023-01-29 01:00:00,27.359480674841056,40.64529654094147
2023-01-29 02:00:00,27.142966364270215,43.806924099336285
2023-01-29 03:00:00,26.91938868977548,51.88819968038932
2023-01-29 04:00:00,26.6889687374434,48.32200537900127
2023-01-29 05:00:00,26.45193435938695,52.42293362813565
2023-01-29 06:00:00,26.208519948432464,44.16804069715302
2023-01-29 07:00:00,25.95896620633899,44.345933567028204
2023-01-29 08:00:00,25.70351990577904,56.895432037072055
2023-01-29 09:00:00,25.4424336463158,47.3748986867479
2023-01-29 10:00:00,25.175965604618806,48.939559061271545
2023-01-29 11:00:00,24.90437927916424,45.22295212436901
2023-01-29 12:00:00,24.627943229673008,45.49986620594775
2023-01-29 13:00:00,24.346930811543988,48.80557446862077
2023-01-29 14:00:00,24.061619905544738,53.118540577954164
2023-01-29 15:00:00,23.772292643027725,50.267734701018504
2023-01-29 16:00:00,23.479235126942847,48.73396550491502
2023-01-29 17:00:00,23.18273714892311,41.88607529159895
2023-01-29 18:00:00,22.883091902722256,54.138349200568086
2023-01-29 19:00:00,22.58059569428852,50.479261401835885
2023-01-29 20:00:00,22.275547648760856,45.09627568081454
2023-01-29 21:00:00,21.968249414677068,55.38022468472598
2023-01-29 22:00:00,21.659004865687162,54.06717745503143
2023-01-29 23:00:00,21.34811980006585,47.29825400365973
2023-01-30 00:00:00,21.035901638322414,50.78987340326378
2023-01-30 01:00:00,20.722659119205908,56.929556281716216
2023-01-30 02:00:00,20.40870199440713,47.37990887947476
2023-01-30 03:00:00,20.094340722259,49.72820293891699
2023-01-30 04:00:00,41.165233111342246,55.122982007259694
2023-01-30 05:00:00,19.46564926006945,45.0444619575054
2023-01-30 06:00:00,19.151940755244915,53.96950026813569
2023-01-30 07:00:00,18.839070858747718,49.23200217775636
2023-01-30 08:00:00,18.527348953798626,49.20666802061115
2023-01-30 09:00:00,18.217083288420255,45.27993534365321
2023-01-30 10:00:00,17.908580670624357,55.838806847973046
2023-01-30 11:00:00,17.602146165022653,43.98869970164481
2023-01-30 12:00:00,17.298082791162205,48.07237052074064
2023-01-30 13:00:00,16.996691223882536,42.94040092395391
2023-01-30 14:00:00,16.698269495991653,38.790567817112006
2023-01-30 15:00:00,16.403112703554676,44.016990021382334
2023-01-30 16:00:00,16.11151271408614,49.4293542605828
2023-01-30 17:00:00,15.823757877935359,46.94180570896829
2023-01-30 18:00:00,15.54013274314925,52.77745926071295
2023-01-30 19:00:00,15.26091777409559,47.5399338392152
2023-01-30 20:00:00,14.986389074123975,48.30428192367424
2023-01-30 21:00:00,14.716818112539503,53.52735277972782
2023-01-30 22:00:00,14.452471456158857,47.396806556826164
2023-01-30 23:00:00,14.193610505713956,53.20635025561609
2023-01-31 00:00:00,13.940491237364542,48.35432775710573
2023-01-31 01:00:00,13.693363949574435,52.27767725477374
2023-01-31 02:00:00,13.452473015602669,51.64905292023574
2023-01-31 03:00:00,13.218056641853366,54.52085842226957
2023-01-31 04:00:00,12.990346632324039,46.33348353179299
2023-01-31 05:00:00,12.769568159384932,55.13277787389015
2023-01-31 06:00:00,12.55593954111582,56.27890960219489
2023-01-31 07:00:00,12.34967202542112,52.17595148205224
2023-01-31 08:00:00,12.15096958113596,47.753516289467626
2023-01-31 09:00:00,11.960028696330609,57.12598944077827
2023-01-31 10:00:00,11.777038184011928,52.16619179577464
2023-01-31 11:00:00,11.602178995414613,40.01928452820545
2023-01-31 12:00:00,11.435624041066557,39.17437831839604
2023-01-31 13:00:00,11.277538019805144,45.98136622414776
2023-01-31 14:00:00,11.128077255913972,55.342295298904396
2023-01-31 15:00:00,10.987389544540555,48.042210860199376
2023-01-31 16:00:00,10.855614005548352,46.76984915541363
2023-01-31 17:00:00,10.732880945947164,50.3302303512331
2023-01-31 18:00:00,10.619311731038348,58.41259310624807
2023-01-31 19:00:00,10.515018664402058,64.81266519111986
2023-01-31 20:00:00,10.420104876845114,50.1506042803197
2023-01-31 21:00:00,10.334664224419592,45.93016068414351
2023-01-31 22:00:00,10.258781195612647,39.330130386995904
2023-01-31 23:00:00,10.192530827799608,45.50388336024908
2023-02-01 00:00:00,10.13597863304286,35.24895403122676
2023-02-01 01:00:00,10.089180533309806,46.58086179284264
2023-02-01 02:00:00,10.05218280517415,57.11294125026863
2023-02-01 03:00:00,10.025022034055004,54.32698076497731
2023-02-01 04:00:00,10.007725078039208,51.24484406099535
2023-02-01 05:00:00,10.00030904132253,49.356415717582394
2023-02-01 06:00:00,34.16842756794914,57.06238434936302
2023-02-01 07:00:00,10.015139281294774,46.041392045866274
2023-02-01 08:00:00,10.037370893014455,48.39181265056719
2023-02-01 09:00:00,10.06945410859632,49.021171653414534
2023-02-01 10:00:00,10.111357202365642,51.64781839554384
2023-02-01 11:00:00,10.163038738203895,55.06490586396651
2023-02-01 12:00:00,10.22444761052313,52.03691680586316
2023-02-01 13:00:00,10.295523094802025,48.67844309863776
2023-02-01 14:00:00,10.376194907633655,56.42877959937795
2023-02-01 15:00:00,10.466383276225702,50.24437936091986
2023-02-01 16:00:00,10.565999017284177,51.50182667332284
2023-02-01 17:00:00,10.674943625202923,42.59071102183786
2023-02-01 18:00:00,10.79310936947136,50.83482939790486
2023-02-01 19:00:00,10.920379401204523,55.72884954732161
2023-02-01 20:00:00,11.05662786868972,43.44917804452135
2023-02-01 21:00:00,11.20172004183569,56.23249952024682
2023-02-01 22:00:00,11.355512445401343,45.48285083881471
2023-02-01 23:00:00,11.51785300087196,53.78873545847382
2023-02-02 00:00:00,11.688581176843059,45.82816945956984
2023-02-02 01:00:00,11.867528147762657,49.23927233809109
2023-02-02 02:00:00,12.054516960875539,50.290853577477925
2023-02-02 03:00:00,12.249362711203972,46.46813598717176
2023-02-02 04:00:00,12.45187272439199,51.646149994179375
2023-02-02 05:00:00,12.661846747232715,48.59585755537657
2023-02-02 06:00:00,12.879077145689726,51.569222845598475
2023-02-02 07:00:00,13.103349110217351,53.64788661113747
2023-02-02 08:00:00,13.334440868176264,53.35111796683277
2023-02-02 09:00:00,13.572123903134578,48.47882822494134
2023-02-02 10:00:00,13.816163180837833,56.20190026122417
2023-02-02 11:00:00,14.06631738162377,56.31206962285089
2023-02-02 12:00:00,14.322339139052911,47.82529846420283
2023-02-02 13:00:00,14.583975284518077,50.61104091228735
2023-02-02 14:00:00,14.850967097591838,40.6358694204104
2023-02-02 15:00:00,15.123050561863636,50.93420885123131
2023-02-02 16:00:00,15.399956626013857,51.64282911519092
2023-02-02 17:00:00,15.681411469867012,44.75444739691566
2023-02-02 18:00:00,15.96713677516016,49.31184877965461
2023-02-02 19:00:00,16.2568500007598,59.22270912363474
2023-02-02 20:00:00,16.550264662054072,47.255833401397524
2023-02-02 21:00:00,16.847090614244937,54.41694666103343
2023-02-02 22:00:00,17.147034339259484,44.494361551410435
2023-02-02 23:00:00,17.449799235996863,54.7020286866893
2023-02-03 00:00:00,17.75508591362426,55.592630792396385
2023-02-03 01:00:00,18.062592487630994,47.56273119229013
2023-02-03 02:00:00,18.37201487834905,57.282065924064504
2023-02-03 03:00:00,18.683047111643738,50.8309609363308
2023-02-03 04:00:00,18.99538162147828,47.02781757784878
2023-02-03 05:00:00,19.308709554052136,52.388528447362894
2023-02-03 06:00:00,19.622721073212794,46.60733600524212
2023-02-03 07:00:00,19.937105666839308,46.599767663925505
2023-02-03 08:00:00,43.256830932421025,45.491595141692216
2023-02-03 09:00:00,20.56575049183788,43.410765574703966
2023-02-03 10:00:00,20.87938908411059,59.91608645562491
2023-02-03 11:00:00,21.192158087361694,58.609058262193386
2023-02-03 12:00:00,21.50374821813935,51.53271113100315
2023-02-03 13:00:00,21.813851358726478,57.808166806466936
2023-02-03 14:00:00,22.122160861825066,40.6768103814092
2023-02-03 15:00:00,22.428371853785844,48.51599368216164
2023-02-03 16:00:00,22.732181536084617,47.32816079648971
2023-02-03 17:00:00,23.033289484746245,45.233082626570535
2023-02-03 18:00:00,23.33139794742054,49.60586251314246
2023-02-03 19:00:00,23.62621213781665,47.84298199917443
2023-02-03 20:00:00,23.917440527203944,49.87295877393249
2023-02-03 21:00:00,24.204795132692134,51.04168054918902
2023-02-03 22:00:00,24.487991802004597,45.93993830407697
2023-02-03 23:00:00,24.766750494464237,41.77800708611591
2023-02-04 00:00:00,25.040795557913228,48.59840208793285
2023-02-04 01:00:00,25.30985600129317,51.835187551596086
2023-02-04 02:00:00,25.573665762616407,50.14257075468394
2023-02-04 03:00:00,25.83196397206271,47.632365755510946
2023-02-04 04:00:00,26.084495209942162,52.471874008465434
2023-02-04 05:00:00,26.33100975926819,46.94155670385609
2023-02-04 06:00:00,26.571263852691853,50.28952242524651
2023-02-04 07:00:00,26.80501991355251,45.087655622308986
2023-02-04 08:00:00,27.032046790806813,49.92994143030402
2023-02-04 09:00:00,27.25211998760396,46.321573950924815
2023-02-04 10:00:00,27.4650218832805,47.32329379524978
2023-02-04 11:00:00,27.670541948555982,46.925563967008515
2023-02-04 12:00:00,27.868476953715884,49.583677541524615
2023-02-04 13:00:00,28.058631169576667,48.2466103652467
2023-02-04 14:00:00,28.240816561033633,52.74415664206283
2023-02-04 15:00:00,28.414852973000485,56.25899489207708
2023-02-04 16:00:00,28.580568308556867,53.91273341724364
2023-02-04 17:00:00,28.73779869912727,44.677967955647134
2023-02-04 18:00:00,28.886388666523537,51.31265456845345
2023-02-04 19:00:00,29.02619127669033,42.33547461190696
2023-02-04 20:00:00,29.157068285001678,51.90349704074308
2023-02-04 21:00:00,29.278890272965086,54.22104434680173
2023-02-04 22:00:00,29.39153677619767,47.32527632874178
2023-02-04 23:00:00,29.49489640354813,59.95828938746082
2023-02-05 00:00:00,29.588866947246487,48.4364290232511
2023-02-05 01:00:00,29.67335548397289,56.84715583316307
2023-02-05 02:00:00,29.748278466745337,63.475536901148644
2023-02-05 03:00:00,29.81356180753559,38.177316556605945
2023-02-05 04:00:00,29.869140950531598,55.36723145136748
2023-02-05 05:00:00,29.914960935973845,51.79252136068496
2023-02-05 06:00:00,29.95097645450266,51.54811252209099
2023-02-05 07:00:00,29.977151891962613,49.53465566357295
2023-02-05 08:00:00,29.993461364619804,57.28396014407854
2023-02-05 09:00:00,29.99988874475714,60.10189903096627
2023-02-05 10:00:00,46.67608976287222,57.00893388933032
2023-02-05 11:00:00,29.983081582712682,56.29004939830694
2023-02-05 12:00:00,29.959863660391047,51.318638534334454
2023-02-05 13:00:00,29.926796868835204,49.671780071116466
2023-02-05 14:00:00,29.883913906334733,40.580086991634715
2023-02-05 15:00:00,29.83125717795705,49.19577744685127
2023-02-05 16:00:00,29.768878753614928,53.99195696784198
2023-02-05 17:00:00,29.696840316576885,44.150970783265336
2023-02-05 18:00:00,29.61521310247126,55.06561825492857
2023-02-05 19:00:00,29.524077828844526,49.3240838352275
2023-02-05 20:00:00,29.4235246153432,52.102255358877116
2023-02-05 21:00:00,29.31365289459855,53.098258953625866
2023-02-05 22:00:00,29.19457131390207,51.117084798148575
2023-02-05 23:00:00,29.0663976277689,52.35972012399471
2023-02-06 00:00:00,28.929258581495702,54.10428273340807
2023-02-06 01:00:00,28.783289785827694,49.2654411393132
2023-02-06 02:00:00,28.628635582859324,51.79402266263133
2023-02-06 03:00:00,28.46544890330063,44.061525086366366
2023-02-06 04:00:00,28.29389111525084,42.34727085791152
2023-02-06 05:00:00,28.114131864628682,57.234187380695964
2023-02-06 06:00:00,27.92634890741686,43.57117066276984
2023-02-06 07:00:00,27.7307279338872,50.73223425223459
2023-02-06 08:00:00,27.527462384979557,50.04682695487055
2023-02-06 09:00:00,27.316753261016803,54.76230035897162
2023-02-06 10:00:00,27.09880892294432,48.18129143525505
2023-02-06 11:00:00,26.87384488629112,55.428955475461436
2023-02-06 12:00:00,26.64208360805617,59.2093654056813
2023-02-06 13:00:00,26.403754266730274,56.69545919914759
2023-02-06 14:00:00,26.159092535671824,51.806016326865546
2023-02-06 15:00:00,25.90834035005959,44.75136653080993
2023-02-06 16:00:00,25.65174566765395,44.901994210068615
2023-02-06 17:00:00,25.3895622236022,54.6725795652578
2023-02-06 18:00:00,25.12204927953116,48.70272153290685
2023-02-06 19:00:00,24.84947136717491,47.920546453051294
2023-02-06 20:00:00,24.572098026790805,49.190404479349304
2023-02-06 21:00:00,24.290203540623295,52.460538184624504
2023-02-06 22:00:00,24.00406666167805,50.00973146466888
2023-02-06 23:00:00,23.713970338075708,47.754062677163475
2023-02-07 00:00:00,23.42020143325673,56.31203514107209
2023-02-07 01:00:00,23.123050442314916,51.71490576434955
2023-02-07 02:00:00,22.822811204739754,47.01738876864871
2023-02-07 03:00:00,22.519780613851268,45.73216258634895
2023-02-07 04:00:00,22.214258323215624,50.04348818568056
2023-02-07 05:00:00,21.90654645033069,46.662269635875234
2023-02-07 06:00:00,21.59694927787552,48.979064482030466
2023-02-07 07:00:00,21.28577295281873,45.81762331262174
2023-02-07 08:00:00,20.97332518368305,47.40056094215962
2023-02-07 09:00:00,20.65991493626624,51.01760451821131
2023-02-07 10:00:00,20.34585212811819,47.96539731728469
2023-02-07 11:00:00,20.031447322077394,53.188176504708224
2023-02-07 12:00:00,38.188216971781955,52.83055585272946
2023-02-07 13:00:00,19.402855351167926,52.495625001674554
2023-02-07 14:00:00,19.089289773133633,49.544249376434024
2023-02-07 15:00:00,18.776624756215448,54.45731671405869
2023-02-07 16:00:00,18.465169481037872,48.79419913441042
2023-02-07 17:00:00,18.15523193196509,53.46274354010461
2023-02-07 18:00:00,17.847118592549126,51.02831229154293
2023-02-07 19:00:00,17.54113414246154,54.914643037015495
2023-02-07 20:00:00,17.23758115620928,55.57962030111447
2023-02-07 21:00:00,16.936759803932205,66.71692154668084
2023-02-07 22:00:00,16.638967554577857,53.89657380097078
2023-02-07 23:00:00,16.344498881747842,56.10303909998178
2023-02-08 00:00:00,16.053644972505605,42.99549578293511
2023-02-08 01:00:00,15.766693439434682,40.669754711272674
2023-02-08 02:00:00,15.483928036231088,45.487365526641234
2023-02-08 03:00:00,15.205628377111923,48.09578589680171
2023-02-08 04:00:00,14.932069660317309,49.27651303980606
2023-02-08 05:00:00,14.663522395978791,52.4976084225081
2023-02-08 06:00:00,14.400252138624072,50.7109851168884
2023-02-08 07:00:00,14.142519224581646,57.46888610415748
2023-02-08 08:00:00,13.890578514545792,52.15374104373796
2023-02-08 09:00:00,13.644679141556193,56.79670255906004
2023-02-08 10:00:00,13.405064264641059,44.34568214841849
2023-02-08 11:00:00,13.171970828368137,46.24423108615849
2023-02-08 12:00:00,12.94562932854048,41.853598327660585
2023-02-08 13:00:00,12.726263584269535,48.95832559540206
2023-02-08 14:00:00,12.514090516650125,46.313074817789655
2023-02-08 15:00:00,12.309319934256848,49.522013230186225
2023-02-08 16:00:00,12.112154325673712,40.561179872677926
2023-02-08 17:00:00,11.922788659261945,38.42293905967134
2023-02-08 18:00:00,11.74141019036459,55.86040739896008
2023-02-08 19:00:00,11.568198276137785,56.955722877393356
2023-02-08 20:00:00,11.403324198192564,47.70795087779753
2023-02-08 21:00:00,11.246950993221892,45.98664994586644
2023-02-08 22:00:00,11.099233291780951,53.34925038495597
2023-02-08 23:00:00,10.960317165379857,50.58697224225545
2023-02-09 00:00:00,10.830339982039876,46.709908275873616
2023-02-09 01:00:00,10.709430270456386,58.59578046323955
2023-02-09 02:00:00,10.597707592902415,47.940403571066085
2023-02-09 03:00:00,10.495282426998894,55.71337625500961
2023-02-09 04:00:00,10.402256056468122,50.226117858280794
2023-02-09 05:00:00,10.318720470978818,55.0199089279554
2023-02-09 06:00:00,10.244758275181622,51.958730909800686
2023-02-09 07:00:00,10.180442607024938,60.207214658040684
2023-02-09 08:00:00,10.125837065432115,49.5870431305045
2023-02-09 09:00:00,10.080995647411232,44.014332781058265
2023-02-09 10:00:00,10.045962694659877,54.9713934091701
2023-02-09 11:00:00,10.02077284971757,52.27132854280295
2023-02-09 12:00:00,10.005451021709307,49.814402407766345
2023-02-09 13:00:00,10.000012361714026,50.340329204175134
2023-02-09 14:00:00,29.996939987066025,49.50464286007715
2023-02-09 15:00:00,10.018796279618535,50.926024479979844
2023-02-09 16:00:00,10.043000282931619,49.81347695042169
2023-02-09 17:00:00,10.077050323451859,50.87816111655563
2023-02-09 18:00:00,10.120912730598214,44.61999299666222
2023-02-09 19:00:00,10.174544130773718,43.11150489056564
2023-02-09 20:00:00,10.237891490255697,51.15552371151841
2023-02-09 21:00:00,10.3108921676385,49.52933720948546
2023-02-09 22:00:00,10.39347397577678,40.007324346183026
2023-02-09 23:00:00,10.485555253168219,53.49968016980497
2023-02-10 00:00:00,10.587044944704958,47.71824889050488
2023-02-10 01:00:00,10.69784269171394,46.50472537826162
2023-02-10 02:00:00,10.817838931197251,46.780783732170434
2023-02-10 03:00:00,10.946915004174016,58.23986782988357
2023-02-10 04:00:00,11.084943273017153,48.643171943496704
2023-02-10 05:00:00,11.231787247668448,56.719987613123706
2023-02-10 06:00:00,11.387301720607669,46.57578461416714
2023-02-10 07:00:00,11.551332910441808,43.84343454962915
2023-02-10 08:00:00,11.723718613972665,41.36673000205088
2023-02-10 09:00:00,11.904288366592548,42.65030724999302
2023-02-10 10:00:00,12.09286361084904,44.055985928990495
2023-02-10 11:00:00,12.289257873012744,50.27129691081508
2023-02-10 12:00:00,12.493276947472737,47.85896287204584
2023-02-10 13:00:00,12.704719088778084,45.26197249996274
2023-02-10 14:00:00,12.923375211134937,55.738911793453255
2023-02-10 15:00:00,13.149029095162161,54.51550331503938
2023-02-10 16:00:00,13.381457601701303,49.99432269086277
2023-02-10 17:00:00,13.620430892468853,52.9600957746363
2023-02-10 18:00:00,13.86571265733337,44.64975866941013
2023-02-10 19:00:00,14.117060347991924,49.36657853891236
2023-02-10 20:00:00,14.374225417815591,42.055138880656244
2023-02-10 21:00:00,14.636953567626154,49.12560800051728
2023-02-10 22:00:00,14.904984997161232,50.1688706528346
2023-02-10 23:00:00,15.178054661979505,50.035760807784726
2023-02-11 00:00:00,15.455892535551195,53.18659306946492
2023-02-11 01:00:00,15.738223876275601,55.50834672542758
2023-02-11 02:00:00,16.024769499160843,55.951970031843054
2023-02-11 03:00:00,16.31524605189746,51.62782239850331
2023-02-11 04:00:00,16.609366295053224,49.27658894271128
2023-02-11 05:00:00,16.906839386111272,52.8166416936896
2023-02-11 06:00:00,17.20737116707168,47.908602232286604
2023-02-11 07:00:00,17.51066445533105,45.832498946246915
2023-02-11 08:00:00,17.816419337553498,50.02237227469652
2023-02-11 09:00:00,18.124333466241602,47.80027709969888
2023-02-11 10:00:00,18.43410235871438,56.286041314163775
2023-02-11 11:00:00,18.74541969819702,47.29744944933563
2023-02-11 12:00:00,19.0579776367237,52.6714309360875
2023-02-11 13:00:00,19.37146709955516,54.65048730729941
2023-02-11 14:00:00,19.68557809080876,54.4666314449415
2023-02-11 15:00:00,19.99999999999999,47.0480225141105
