wind_speed,wind_direction
27.2079385333544,0.0958309491815359
16.655981846857987,0.19911256572678182
17.832890390426467,-1.3601843100733557
31.327757526489243,-0.6603772590319625
46.27030783335218,-1.0794855358004831
19.405150363476057,0.2822325988902339
34.63034324849282,0.44362130448431136
7.190153233859831,0.693484908242366
14.136526584264402,1.4651841982630245
23.308079160566752,-0.17842786445410486
20.379951369293906,-0.6914852821500643
33.48719666895775,2.925352642990248
37.158269422288946,1.7590847936712999
16.086117568620224,-1.3737934610641354
31.278073570513826,0.14863530887654663
36.6286819514018,-0.9677210606451827
15.10360603035153,0.22425692712170742
19.147621818462984,0.8175617451471742
37.347086963980786,0.673954708571125
10.615698876276845,1.1136356221169885
28.008409485677767,-1.2691578577737186
38.391280666140005,-3.0486656402819907
17.985733103934663,0.009088564753575223
24.58332691925618,0.2962807896165738
17.147120068201787,-0.8209543730876305
26.842487016371315,-0.950412693679942
40.73136015284425,-0.07552450080600615
10.324880443806356,-0.04597214816321138
48.41548821019223,-0.051372067459604764
44.12605146792401,0.048570353823588874
42.01768224641836,3.1402040365950716
28.083653181441193,0.32860979173972416
21.228277894027105,0.5642300650665919
24.986831376433457,-0.4407685443784257
39.94750812985216,-0.25981239137257717
13.475945607271909,0.5105328677490961
21.26330343531298,-1.0412650229523734
21.583173866947277,1.5475934619100382
25.231531745010617,0.9048578462024413
6.51993050204851,-0.09497235783739333
14.991902224948594,0.5042600069852723
11.443043756323718,0.29904663544146937
34.45039759562623,-1.4190612083410823
39.64842028050708,-0.2578789292597321
15.83323353684984,0.08035984506195337
48.144840801496,2.655206687788607
36.407245433791346,2.9048860271316546
43.485409568392,-0.7557808998209516
12.531250131652405,1.2335064654457515
1.9082241300376823,0.761366632097872
22.65605520082082,0.22066862605003523
22.39192080964118,2.5281435798513527
50.1406362043557,0.8600215460551448
62.34755422171637,1.6034690060376082
9.185077157622375,-0.27633311161896623
30.402942336627497,-1.0391074799103217
7.290708076239607,0.5035716770549197
10.501298655668657,1.638559194992757
24.480121165029686,-1.1931127291520713
30.032370573350274,2.1261520856024223
31.515010168806956,0.010431711783503328
10.49939250383832,-1.3245109000031157
39.347950463425214,0.273433437814266
30.094496867834806,1.0948564563124723
24.13741922850574,2.7397122668988576
18.029471554735945,0.3344744424052499
29.907725852320578,0.43876759488397177
20.109442314361512,1.0305344217319128
32.643149145505795,-1.678508251470217
8.4673702053998,-1.7363642442092484
18.859193196401716,0.8343339061524566
7.486200832681466,-0.8300107402255543
17.19960328028374,0.7335158445337182
18.83046394541117,-2.048303917786015
20.195168038802834,2.190021869895972
20.827810458823144,2.496859903830366
4.133913740661189,2.077507258523374
11.388052981243284,0.13548761219797267
26.491529562134183,-0.6236611792715832
21.077698702889727,2.1764535869543273
32.19002082137398,0.0047626827780256065
35.44678142251185,1.303691671003886
28.482626115922415,0.7557846492030227
49.37137731903639,-0.5960318737903738
46.81098258434914,-0.8013304871235256
25.092218664840523,-0.05121487574362993
36.574689391691045,-2.312721999221779
44.07252643370587,-2.095053117789778
13.708455483544796,0.7000042288241497
22.91443128089417,-0.2924045395120798
22.0619753636716,-2.0378846840192457
44.6780908435531,-2.833095284487788
37.52830788481826,-0.7224881647698642
32.07412989275937,-0.7880594247530288
6.801482223183671,-2.4910732993239044
31.732711643065144,0.9724930646278658
41.24040169304111,-1.7936204410352552
27.375652384073916,1.6703882799791279
4.045801959610762,0.09627996073390532
49.52771729238235,-0.9424389549812142
20.644672274250457,-1.123956807023986
11.456741923656468,-1.153759950678415
21.623369675007673,-0.05652678254261456
24.633498421282717,-0.23697886849835736
5.1765398114141465,0.8595350129628745
44.897189020162536,-1.9220638705327355
51.60443314256627,-0.6780529700541331
5.416421966669003,-0.6266124904761243
8.83952558971214,-0.5346785141169352
31.62505497003959,0.004255833868569869
25.127643812485218,0.463103669662019
9.895751043096547,-2.0931109437066464
6.820480039269401,-0.1588748769225501
16.99216949671311,0.17947631816698362
18.39759614527756,1.299684062971397
40.564275491616556,0.21459855745417622
22.015843950894993,2.3178394022343785
16.560812217526152,1.5387607844231104
45.43508755824663,2.3223447844189344
26.54704509180324,-0.27860583160852714
10.223560653025043,-1.5402461825608411
24.268622336977906,0.6241632300940316
35.719249634840466,0.47605121746492474
26.842600059246415,-0.13146263281895365
45.13954071400535,-0.34022055058079737
52.08873045547825,0.8862033940098231
39.540446140590376,2.5925458861688595
25.0682533258393,0.19029921381619985
48.9601252750603,-0.6089210576864956
6.270847794845251,-2.137238556682405
12.59145720620416,-1.2163656335692448
26.411251899563812,0.7290675984986557
10.544004585876069,-0.34075948552326674
15.113003388786726,0.5776591758674372
25.04802175006164,-2.4191660183139936
38.45545016077871,-0.8017673619004873
12.351918042588245,2.8264188607768332
24.157849934620597,-0.5203588414239411
19.717793429949147,0.1268710016439778
17.900786910656425,0.3442506777315937
10.090375593113606,-0.9389656111162124
25.28924058183394,0.36576261105774455
58.46748648098919,1.0547947671706925
14.063311864812645,-2.2519410386878693
22.77502454698025,-0.2457085710552711
37.35184720865188,-0.07702675653219071
20.12215428581191,0.02813017238703841
71.64633750571461,-1.8188380928257173
62.84018515229208,1.2637715880974145
21.428965640469897,1.6126976939096576
14.22859943239919,1.7546949354071968
34.15486200972386,0.03710237881985723
12.911978341188298,1.1919859899485399
8.387764675829315,-0.414965883116603
25.61088181756467,0.24250278332876096
30.563805339563906,-1.5402681941006726
11.703675398960355,1.280050931612342
19.29903729233445,-1.2790149487094062
32.63655135367901,0.5583000258889763
15.890741641190901,-1.4169191516588402
24.048227617516947,1.125155163982825
18.171008057923313,1.940664301737712
13.484646733371575,-0.21507780550915934
14.46130511175815,1.8083835979718526
24.770803214638775,-1.9963664133402235
23.463512645140696,1.4711315554574576
21.23233931284708,0.36811388983068305
19.721778940838174,-0.7945340046363256
27.673785309889645,-1.6461371293885687
23.38524763550201,-1.3303237572246696
26.03171616909562,0.21745325300374407
19.09473443323194,-1.8715464254053007
60.37523349689505,0.12383028826149411
39.44688473705946,-1.5041510362847568
42.483497203303,0.3559454983728316
7.081868320561472,-0.352597440848327
53.42634895459423,0.15862966272845602
27.783228413135525,-0.9646711518332101
14.13852265390246,-0.742141341589325
30.250553019644716,0.8856436800150203
16.79361776045449,2.842362605855267
22.312957415160668,-1.223259731708291
61.495583153761096,-0.7700317504707401
15.105793025384672,0.06358714001352794
33.7961012166936,-2.0593121895966204
18.526859880059266,2.912290580343976
20.363291669592215,-0.4185409819643775
16.61180975799052,-0.4658367877460474
21.224975282712283,-1.8446821941319618
21.109736015208828,-0.5109267043649366
37.3491692045977,-3.0241496380191624
30.808731226565534,0.2637089292363348
50.18334571158432,-0.06675750176184359
18.303038204296083,0.9685215289714586
26.352450733828928,0.5959688022891774
6.763330710500754,1.8438413107878766
18.197817057875277,0.8133517554065088
17.92725065023434,1.108521521840462
14.44789319100925,0.7069099967167056
23.350299190587208,-0.1633140786167786
21.6428187540743,-1.0974000148233962
9.457501174115832,-1.354061379161939
25.39787883422094,-0.6140208758462502
11.21466219448813,-1.2365022184195373
16.302505581928433,0.18284857065162718
27.170785407182528,0.6315910602954116
21.83926533619959,2.171798556880047
20.306611830774706,-0.6374393063348185
22.98112372417962,-1.2234715986764426
16.948111786672513,-1.3542006713873187
15.302165472385948,-0.6314731399044433
16.63935056988067,0.049697630646236224
29.688075525659237,-0.35514507478701685
35.36216304488266,-0.8273799925157812
49.047997778813404,-0.4537430064012451
36.75618772836486,-0.4879725268486341
44.4920318425386,-0.41429943479771714
30.676590803383068,-1.175178426307622
35.883298924664096,-0.4076749076210695
29.33749428818738,-1.8385184325874153
13.429659453525518,1.170228623756432
41.97438624154459,0.24772637795771413
24.613210060867225,0.7806301648608769
22.742126613283283,-0.6774052265794581
36.00609121656917,-1.1088783904032002
11.537372871887296,1.8003588217611446
13.714690264321995,0.570296570091096
16.148981073888354,-0.7808179442122207
20.06576918561232,0.45188560106620157
18.522294029035336,0.5707137806637119
38.34674435471974,-1.0855344685069817
22.81610424418565,0.18186980675942266
10.450450544066037,0.016942218476537985
33.021341019245256,-0.3259013762578937
26.563350553254665,-0.18309084405385745
16.79220198768815,0.08239227301780438
9.077285472561133,2.026936651981363
12.082896982382655,0.44301012152582864
46.022829589786056,-1.1191930603551512
21.000927983305793,-0.37083036376396583
6.657147129774199,1.3565097150111391
19.60485532095024,-1.401879345881528
22.056286389253884,1.9896327739975748
22.098732910216953,-0.6509014361139318
21.86523774241733,1.2514688395475941
18.378233819960798,0.4111523429209214
9.07657996842824,2.5678080076284635
25.801107053719473,1.040148991329393
38.748215512193184,-2.866371040733987
39.81635042617349,-1.1436066062152843
18.077575242333737,-2.5230497836087107
18.888828320895684,-1.4215645104015104
39.56664954299874,0.7886302130106069
32.55708616721213,-1.5941148701986414
4.808524118382559,2.086251897254084
37.97114304028615,0.8419087528731364
30.316549125482823,-0.6102431327020836
9.070010825790838,-0.5654002078710132
13.19693546635055,2.7180466101918164
12.513795823427433,0.5345797200086682
16.57703010693242,1.530589776537708
58.492309907050306,1.2214300702756962
12.970914543885957,1.6816333372729515
11.346153043383945,1.01005796615188
40.58514112390783,-0.3857685695730839
18.23181075620809,-0.7612488518330793
38.36157905209744,-0.36412360364232477
3.6065530708626485,1.157401052161168
47.2150259607302,0.6337628497164967
12.022380673965799,0.5417634984175517
9.905931181224554,2.6398504861677967
49.59707898914203,0.6769649969784206
8.650466256156617,-0.1760666720723303
25.750645443605247,-0.24733916101661935
27.97539482759355,1.9211678809271415
18.231493859261523,-0.13443075166225027
52.020081706285104,-1.245537730519894
33.33153511686896,0.0178809538605309
20.182000053234415,-0.24869954985653298
58.14572802282569,-0.1729091533724505
36.104575276600556,0.835508328544337
19.738399353366454,-0.6571856041595878
42.75549771607864,1.2719595230367293
56.81538752251333,0.4266848365224827
41.39388660353444,-0.7935804836760059
30.28179705760291,-0.6509409286143204
32.65342416232349,-1.9765021867926862
34.862306684510884,-0.4765257572771153
39.73857966534727,-0.5894532418032794
17.117325822023606,-0.29745118628781686
16.030340036622515,0.008857109927650875
31.304467152104902,0.5254281799461302
17.286495148673293,-0.9660442798495001
43.001829020443814,0.24522170630438023
26.64830752976505,-1.6415708039588575
40.719715861319166,3.041099434399138
48.032551337341,-0.2847529130323081
24.53804485876471,1.6435895727934415
25.3588567138953,-0.5476696738684677
46.21752774667746,1.7939626713107062
33.68425337927169,-1.223256151325953
30.919732018725128,1.5785078480872468
46.87523890235436,-1.8070088630839818
28.92864051812446,0.5865220163845177
42.911377907288696,1.7711091853328709
37.211089293066415,0.6425094755034246
33.28906290169626,-0.552899589743105
19.804740761662114,-0.7245481624158043
19.259467710209645,1.1685334518223822
20.358267026801794,-0.0258338563099616
27.569173158243373,-1.2992108133579787
36.36041872907695,0.014286375516671335
41.72115641919363,1.23576597032414
19.47254661779484,2.699047349809957
56.62149848245041,-0.29152055408853794
24.815800680578416,1.1661174987709657
51.36235820631084,-0.3176593412127344
19.44694457579694,-0.34472988483956923
27.456719301823426,-1.3017106812150923
8.265396833351424,0.8933418440565131
52.209839237646634,-1.7312169313170518
8.845831368866426,-0.983052817999365
43.33461235182069,0.33739722830790164
12.133053012480353,1.2990776660709882
6.801412361300482,-0.03807345251238381
10.889208502096771,-2.030893763203137
57.30701567110717,-3.130915525567408
25.607948200372455,-0.6007767269073119
17.01257560822515,0.6876064436132641
41.538998951036454,1.6568399691642854
51.52262127410281,-2.872009730863706
25.308973274786087,0.05384899407706589
13.986294237667444,2.260795670898542
41.92557148391062,0.5035260347024328
28.476647665861687,0.793451611117717
52.314055588285086,1.0460174557638675
47.380736570181085,-1.3222968782696691
7.3206713313512655,-1.1506633068279397
24.475730951799957,-1.8405964854419912
39.806328660145944,-0.2871745256169955
26.234759370738363,-1.131685604283728
13.55552378840067,-0.9422247419017715
6.815157918789236,-0.5754364435820474
35.14762748348447,-0.023154061330567632
30.447043238361914,-0.39844463109514683
46.270229195678674,0.7206375807382508
9.008498677368483,-0.3754791003189739
74.75018856149953,1.3621729957895026
41.32648025265637,-1.861619360617719
17.567484631755867,-0.036145938167825964
31.540288255153104,-1.1961300833120658
12.163450838514043,-2.795703873832478
19.18431011581961,-2.375066823745673
24.244244695601807,0.8930697407878903
39.13516171571359,-0.5296892002435878
26.666838516381226,-0.43147268623671664
16.930845385124393,-0.5513764713314782
20.61284040589477,0.1538254036115152
24.87977251765157,0.35865507896410875
54.06275925542924,-1.5829690242522174
38.13870558742429,1.0831383700578003
22.594973507668797,1.0711237217710554
70.81125541549999,0.17812497533040705
18.615181747264437,-1.2962691224827356
26.401750476662603,-0.05884880894755007
32.730478960991135,-0.8777787475870689
44.38087154970046,0.2576569764150154
9.03766045972878,2.595155310340723
15.013156519612492,0.4505629435990173
7.286706357998847,-1.3623688665249007
18.923262801897675,-0.1568929986112697
56.3707672661326,-0.21742327574410236
39.74597867717946,2.6420189726748013
38.00329347504545,0.23269174840660511
30.714660908440564,-0.5134801932206017
2.6883301707392806,1.765753268149381
29.085315295016613,-0.19117383475266259
26.77276499678622,1.1211790995313216
10.623564001220844,-0.4698668062781972
29.595456632333384,0.6196022699389618
46.47151047665169,0.1370991873445786
36.18870819465011,0.29746370746654716
27.819476889165035,-0.8843448972187105
16.65609208658516,1.5872345071099758
16.09449144570149,-0.6495897356985125
12.942135620753621,3.091030951564534
23.874776683363784,0.6813755367626051
9.92154790609225,0.6932322303586602
25.56469634983268,-0.626243437771743
24.234426299692743,0.7361632548192132
45.004477474243046,-1.8409519168052344
45.78850607677565,1.6829938051777562
32.491983419007035,0.21352919416922767
44.27777391414315,2.0668920987996326
16.78627334607112,-3.0442320152411195
17.189882535504122,-0.8321412910177513
7.021889028060574,0.8164214022315939
49.80003847736599,0.889014466975679
21.234081875650507,0.09755298131409429
22.764135851853545,0.7380141975393508
30.175248840937556,-0.32121707862274507
17.753375634848304,1.88853535551097
24.14773921557233,0.34757562197603065
23.267899794090212,0.3028764976930818
26.855979158321034,-0.3482603407774363
54.54131334430956,2.521386561536211
36.86234076282194,-0.6895461117054404
10.043869711941907,0.31475062536720033
19.99258791811628,-2.6967496052126014
26.55976830734271,-1.0946314845472749
30.592015985135557,2.670318240351704
11.46471154049763,0.14554567124455664
25.72874844655872,0.3345284559307058
4.954885433761945,-0.607897685351706
14.264417609499652,-0.4759767496415779
59.30971314585423,0.2721280706942797
34.34259940999586,-2.2860491189639855
15.06938265429777,-0.27956540822980624
31.17345305613229,-1.360496328825966
20.930707186320728,0.052642488445200364
25.60227552540819,1.7630142320685396
65.93353978637306,1.1361346982868552
24.598107092773215,2.5614433465558175
15.353899392290234,0.27185003681622666
24.013183349405036,0.1221998310926602
40.314230988455215,0.2326746297646567
49.26824765727028,-1.646121258798149
36.69464653039284,-2.4522979092560906
8.32355422970986,-1.328427465045853
49.93593745222668,-0.3536111721294515
31.787166770208565,-0.28461245685601
21.386480723690962,3.10122109998634
39.6348760302701,-0.4413504122875831
79.44876404227291,0.6127038941259064
17.638162438219116,1.1013935328775029
22.916194556638484,0.2817363495620602
29.626565549039867,-0.8432397247745693
41.710987582594115,0.432828898253665
18.664635745687068,0.30872900851080676
38.762395443097446,-1.420167111589155
33.76879261634148,0.939967441677549
45.068227216901626,-0.8306005924079329
36.208656238643044,-1.2307005281540997
28.52823621287469,0.5251356493362938
17.48796234873851,-2.678063726215136
7.976682785113866,0.1473371637925851
33.897377866327034,1.7781597670817275
4.379665680373512,1.4284898775557133
6.943598300816874,2.0457824491349026
21.04518670366466,1.781351325260994
19.937885842215767,0.7886960493820085
23.58752438028435,-0.7226141536396686
30.215327136963353,-0.16410788056719294
43.60123757140257,-0.9394748501191588
21.327268304607767,-0.3305775810447571
30.018551430301777,-1.8953384622811704
49.296024244093616,-0.9006116994140703
22.91037846267509,2.0775673780421844
27.068302731760962,1.0395715064880076
16.948295822464924,1.2023687359164947
39.40723874749106,-0.5682631745443918
49.931821568549914,0.33374477455553997
13.325528718431402,0.10929746165511922
34.53764499110747,1.2592372005170187
27.527538648003087,-2.7238205310007757
25.10432300827586,-0.37936183195686635
22.954728736151917,2.139913021229325
6.850954006282244,-0.3192197349429131
17.201552348395957,-0.8821169971002867
6.090844194003603,3.1289158466577174
26.761365395520844,-1.8931148489149354
31.480513389539496,1.089772272074514
13.208001792987572,3.026018739180371
39.28607297000904,0.29984400791856647
30.157944332925172,2.48840685448201
56.87394164453675,0.28553511538482423
22.661081206650515,2.4640838486926455
30.12761576432594,-1.2337213138977017
17.410243008154957,-1.2873500372372249
45.38307865827211,0.8178614902205057
11.753746341929533,-0.6723674245816897
30.55620922995813,-0.2029792966627757
28.11962049962026,0.12014245682116753
15.123078987581216,-0.46133263007180325
49.1963820978408,-0.5045013649372541
13.723373633914948,-0.9820878908898942
35.350370608271945,0.3896229987923361
11.968540742914593,0.05652020171410532
8.146613718108895,0.8739386748401721
18.81634536822174,0.589545315922591
16.60868290311307,0.06558638964647168
10.46156005414162,-0.21736986688080862
10.338962702482167,0.26405942553948014
28.314527799961535,-0.14661320217555396
22.958464496106167,0.8114394260336493
24.186997909096508,-1.8454948742295196
36.60474443699208,0.13217290911251434
18.49186212706656,-0.0578066682837699
11.003927741090376,-3.105873513529895
20.72861355354744,-0.30776093366319834
7.892832835520603,1.0801157698719717
33.292913207581776,0.16367026111141936
80.63495215043416,0.18937089175478716
31.054896853658043,0.6095709992177372
25.10982866752435,0.5490902954767392
13.788739331288628,-0.6826676806256691
58.64078960834698,-0.9901770275707635
59.283737150003546,-1.272842943741317
27.378153491050234,-0.9645955037880158
35.91337793175884,-0.7560417801814028
20.5810573029677,-2.1513764657329992
20.156095994082133,1.1118043369479782
28.812132899459005,2.008939514298925
16.79185502679581,-0.8232905344834771
28.157895598014385,-0.7208831349551224
16.898093871163123,0.5880033979748815
40.20411075537343,0.07127687069052113
10.316895860670332,1.4820514182089566
33.14463483177542,0.9272177397209216
15.37213164764095,0.3827910383238544
29.190076837142964,0.20063203869842905
3.266802752152541,-0.08765686015471941
21.698579589032562,-1.8487737949451715
18.254080073342585,-2.7695818078539505
3.3117975134587527,0.4397325415596578
31.319991207537104,-1.018275603667762
31.693364741278714,0.6585782881047599
16.227346227421226,-0.12832018683333857
22.60968638455879,-3.0632818061987708
3.897232320891257,2.8226388237876456
40.846148700098254,0.6531972153363905
14.810234355902308,0.8214591300588241
10.867676686364856,0.6952435147234324
55.355814374320076,0.3899937741293047
29.378030660834693,1.2545691818821254
21.93029639849762,1.47589509892165
8.27458107993786,-2.9543735424825446
22.938743117677973,1.1448168468917963
37.456067583158145,-1.210707785696198
32.854295295325926,-0.879381990594367
18.717253658145676,-0.6614165667198253
13.065805783336215,-1.1037132468667625
3.6580256753405656,0.4841277390765111
6.1810829259924605,-0.2744685667947344
18.326026770237245,-0.08527692250916896
17.643290324040215,-1.0774343214160362
28.868763653288504,-1.1146412451015086
1.8540089691791768,0.21468506779506802
24.517976734976315,-2.3688368182351134
36.596873042972454,0.8004621479057441
34.08658366605846,1.0776521871592744
38.519955810705724,0.27338913797482345
30.685053402061904,0.37124367359622523
18.124736428871493,-0.9198089352610843
38.99017205138048,0.9497168760560992
15.440449060120553,2.723133792439546
24.431524236616113,-1.0358165585466033
22.643317168097617,-0.13784575680559996
38.48185476979703,-0.5313912907441747
55.99097835964525,-1.2849473685294317
17.5857207619554,2.503480924769014
21.309020637081886,-0.7187983642822564
10.384517869486714,1.7764722212556388
46.16287053007219,-1.015703785005905
48.156195577393476,-2.145093484675284
5.441589547111789,-1.53712006910148
17.33068838731072,-0.9764509344005843
20.464804067380584,-2.7514441624112607
58.73765911578257,-0.5620160307189863
10.879832127984049,-0.43270973406377067
25.36462109807092,1.366581504872359
40.94473226207657,0.07901764228002595
37.16929559856731,-1.9132818267959957
19.030724614441556,-0.38475585037136995
8.989893128064793,0.014895962894678316
18.65698349211138,0.2563929292884062
26.7796518127512,0.6953785149026417
23.390544207007537,-1.7592184897443692
33.986954375194,-0.9686764282798448
36.251785970052,0.5393271133398776
2.1052953446230123,-1.0823272779153355
19.90397156798769,0.8303218085137614
19.902196604871317,0.9494155184255275
40.50545796794584,0.6804306210592723
4.078312584146708,0.6884178824868643
26.244251514254664,-0.9987390843322133
34.06939797924576,0.14040825411380187
48.06779065516574,1.5686324227713637
20.748361694037484,0.6516191568662779
13.796345533813913,-1.5434812874475456
33.12031952320132,-0.374367484803229
28.1815117326966,-1.2442721917987454
28.219626497187402,0.0030310785946916496
26.36847423657687,0.3304135538888553
15.105399216632573,2.1084384107598257
33.774370833005115,-0.7831859342853829
38.75662322150358,-2.889662277808445
24.235745976764616,0.1279034069947591
24.78036604873313,-2.0916514679690934
24.429425565690124,0.6571457156878227
23.640450872839736,-1.0997109511697425
33.76274722980906,-1.451273552089706
51.06857798841217,-1.0131013909252289
27.84877120147104,-0.6012309454845965
18.3295461343316,-0.8793313150100124
49.11186990750829,0.30545444879013584
42.199562446927175,-1.1159077591253377
42.1118057979103,0.053142675301811604
12.070126168000579,0.5759975146052496
14.864432456818506,0.6407138307534757
34.471132587934584,-1.8902478432982637
49.14486255723274,-1.0281831224329245
26.58970457056908,0.6503998458465472
13.174352758402723,2.473557827457163
22.440754161254286,-0.34594331352848817
13.02511358491827,-1.4266462857802924
63.72946169360751,-0.0013523828866777166
48.12203338012588,-0.5742342170726467
44.257579553781625,-0.6595351968927443
7.465297208818202,0.6839932975844296
70.20420718614444,-2.292318801951449
8.322283389827595,0.8103256765349043
29.39302681952272,-1.303276538251465
31.104552665599968,-1.4196648811190364
33.131549988090235,0.031847715065772775
5.934127967697818,-1.7243306652352857
29.305761218259825,-0.7843241527232818
31.06966248061919,-1.3173529423593333
3.1807150152415904,-0.10683853505454577
18.55327200514343,-0.21339502604656602
40.259572371493434,-0.696470302666802
25.60115846278913,-0.7294379051775235
13.243385924641421,0.5871675197735913
50.102956894635994,1.749950922029008
40.71598242039896,-0.07272333613894544
47.108638169610536,-1.7500026307166827
11.626147977997563,2.288322949746483
26.948201758391328,0.3497875362608083
12.465216811301932,2.8768189459945663
14.01426783820908,0.4175642831486326
43.93095508748168,-1.233007943089424
12.593827023987627,-0.29039673849714864
32.95201037082705,-3.0609076914710283
40.37958153531317,-0.6111627542111093
26.831977989869845,-0.24527253152695794
20.504109742227104,-0.6388434836943273
52.28681130705245,-0.1796348131546206
26.868094134181653,-0.8488866985528754
63.1211783744518,0.39438970889727054
19.24230060671704,-1.22288868766708
15.75889261643066,-1.0884297941110086
39.934175663017975,0.3641386916977587
43.7367567352203,2.0359309319550345
44.40849876322407,-0.3138321951671079
42.964776911701506,0.5514796640920876
45.04293013941957,1.9612884746752002
38.151437280177625,-0.2122786250938793
17.41614958271072,-1.2480577317266865
32.20228004602346,0.13309512442727067
6.1089489284878935,1.637600539052574
34.38881060461837,-0.19904342683027076
54.27185240105051,-2.560316178235709
23.172238165228343,-1.4837284556036874
25.662961109442392,-0.558951273908757
24.05230032165336,-0.3411962703895428
22.315030224262472,0.11486650953130884
16.124167651414247,1.0511906269497775
25.430503546199187,0.7181591164524179
20.497225284771705,-0.025588473494838837
8.635762698569783,0.3182892977174343
39.35978961904938,1.716485082501448
14.623853248377113,1.7843244519670254
35.81548613444732,-1.2444655817780133
10.574897888290243,1.669734043391788
24.540425685846785,2.2526317815417043
47.292677627911814,2.409642774910341
41.100515087100895,-0.24067104293296104
19.991007759951035,0.7531176655245391
35.49072037647958,2.9873082385822753
52.33226467814637,0.4087705594941533
7.988047886225923,-1.2658777369222545
12.014058929768924,-2.0644645071037075
15.276457069307016,-2.832681173711462
28.172205115870568,0.3532508946560693
22.607137606699638,0.009476601639994087
17.975653721547708,0.7681072380582585
23.273390631192886,1.777472467454948
8.492324243235958,1.5180221961668243
15.980350360309014,2.161187369277213
5.876514421801024,-0.9729158790459733
18.919533268026413,0.7526851707047286
25.775854948475303,0.05282924012612744
14.995774978124155,0.38714123519672894
26.18549213139635,-1.2981616869209365
17.149951774625755,-0.08283846166862308
41.089095092166566,0.48518156868259865
28.68194116612659,1.3786470943962197
0.32222763325564907,1.710529033958406
30.03798869819461,-0.42308422181992267
30.877650522847475,-0.23646310495315204
34.76376759782347,1.1830694308437337
25.49178701866212,-2.170092439088334
15.710973716630898,0.9838335599126617
43.39349255648839,-0.5522891736213471
27.546121325702693,-0.36799621859540377
19.18416559496195,-2.295255959425856
1.8475002062779329,0.5469294457307785
40.29888856715554,0.11505012468936693
23.43222728973278,1.6410359294098233
18.993230202532356,0.6437530361328743
13.572151254448062,2.9888361482931343
56.00766726481793,-0.2019402928963565
14.974361007852618,-0.9760801260722811
6.109556526313694,-1.7911732437083439
3.494143391846641,0.04461227814626145
1.3139895520368823,2.327373601281206
19.327417743658994,0.9113324323192238
6.0040972802845785,-0.7827447471177456
33.970651261178176,0.312650819617577
23.592242253320645,0.7301117263159327
19.43331229268523,2.2119535582290037
29.10802388725613,-0.8992213524855774
46.63873985877456,-0.6908993484263792
52.87378070873921,-1.9629419397596006
15.9874149712371,0.33772080726346854
28.008194798280055,0.6264770947282727
29.42464431833469,2.8651571339088377
21.641087278474348,-0.8401115882243615
14.788884000579422,0.4170984083198035
17.260452686741512,0.9790192170921346
26.399659941981675,0.6539277626725042
18.067438109651967,-0.28012434334406455
20.438115934948097,1.007231443171551
32.63423604111948,-1.6746148314454707
9.513118097190597,1.1987605937198351
20.450248234150035,1.1735465486331895
17.326117846573243,0.44279542612810197
9.32973847822678,2.904059026528988
41.97977124499629,-1.1845825521539295
13.029690825136653,1.67734508924688
31.910367057797025,-0.9679095621305471
48.59252062417811,0.7020851461800808
23.196755017590508,2.7454424242052395
39.94378593094672,0.06846029949972987
2.1322836327872654,1.5628544084632159
18.282738831859913,-1.1992275653617863
22.754133221013447,0.4549077218784001
15.924477139575728,0.7579239322779658
38.96260590641334,0.6721753684784444
11.64654678944721,-0.9467200643669367
35.04020572822989,-0.7457408779201491
57.038541879227026,2.1503742316032763
52.29413319433901,1.1193897573612102
23.774003827080406,0.7699986211813719
16.154721661383412,-0.33205497000521245
10.69189493456728,0.9659160244627172
19.60840601399964,-0.7910403921320097
17.77818619971987,0.005313398477920561
37.937306357889746,0.6566229456220767
29.884960274369437,1.3012036329849703
14.511350468371958,1.0832377063110652
7.801509896616277,0.03765995910196507
40.37568983711809,0.08934332645676202
33.182422371828146,-1.3399533626950753
9.065067203783222,0.7082337508213996
12.352267469331327,-0.33761338942175767
30.799096470888628,-2.302004468061619
34.19593174497412,-0.40203756308207517
54.37703499867728,0.9156565051706993
54.60391565131698,0.518700752029468
24.045177576003873,-1.0700635680238735
28.512575148069722,1.1131542177400746
28.896718973173737,-2.494558029915183
16.10036057564149,-0.012417408581318234
16.975061456975354,-0.3308482434262294
15.024641122803244,1.7346567766850942
39.744314964754984,0.08693572442828934
23.8258524925375,-0.12162998782494228
9.083425237234232,0.7659743349059016
21.165780626784056,1.2446084042736505
3.3861003638667224,-2.9596942766392065
4.643792433823378,0.42985936920186507
17.215332446939673,1.0356556143653588
30.18320938476771,-1.3762084929505818
20.437975756708195,1.163269150278519
32.52232425345388,-0.7151250019625728
19.128981032707696,1.3390748769741352
8.404102621439272,-3.031087014526948
16.160315036532964,-0.38139831732847496
37.20207220585627,-1.2868391625077527
34.71964856616742,-1.9673750492517241
50.23408894261764,0.5130309906191597
37.394268653476836,-0.7007343146146034
17.740697463488846,-0.5332785741823494
17.525537684461803,2.290040365801307
15.858700136701573,-0.09577619501029977
38.63593847240848,1.6406330962795295
35.66792486184307,-1.684103572680633
16.306364896665045,1.1546531969365148
9.061912099421253,1.726450527176775
20.606630574894172,-0.6813411907389124
66.39424061442242,1.0284405789081532
8.020243899889934,-2.6928756369049776
52.60897823630883,-1.1545352310724173
43.35928402647553,1.1070693601552346
24.249661443726453,-1.228790740051898
62.42998453655771,-0.8048487875745698
25.4461095885768,0.28830709324719805
33.575732263195974,-0.09313718404434512
10.314484878063263,-0.1653612778678828
25.227875732800058,2.796945891018482
56.21225907197312,2.657249628168609
19.07796628188074,-0.7223637853753702
71.76763559046279,1.5433774782485878
39.23558779289668,-0.27666227061823445
33.679835727389005,0.8048967864958145
23.924621916882188,0.6778429813738738
35.86657160404367,0.6195512518385868
9.62346894467147,-1.6835935479097444
31.489443588682647,0.32280384729903355
13.515159799824957,1.3964878379521908
52.08939571563021,-1.797757502673882
50.73506237934722,-0.4867410890392705
62.562474995409524,-0.9646393586913087
18.873264544903073,-0.5966256105770755
17.391060095500748,-1.9845394596674673
7.020486979267523,-0.004979902655408708
11.726329163535546,-0.6476977080383479
31.550990282151275,-0.4811454016798753
26.73502800206133,-1.1577015217634967
20.283641271294233,1.130278859670927
51.711499673006635,1.8668123838526647
29.606856953850198,-1.949667799905769
30.14459586710415,-0.7376105091282827
26.630143353210457,-0.17436543384488656
27.817914376794857,0.21977368963405386
26.76751785511397,-0.8232538944267396
25.17067993418804,0.8736583863927301
45.447651601048115,-0.9739894902259199
13.567097348733084,-2.9762345080377273
8.360291364090726,-0.3931327947971486
23.362750297280503,0.701342159785558
7.429203697774089,0.8523348829511761
8.154656318405214,-2.3952549902695424
21.71141096246593,0.23847839730182896
15.275114542661573,-1.2276469971082857
44.22256412833363,-0.0016413063072757694
28.748824918284377,-0.20844531343416195
39.36937799991916,-0.7981581183273048
34.16853981015686,0.4098555310477545
3.9783052450740937,-0.04515266480173086
10.971668805491282,0.1921794466141744
46.93844877292724,1.7860693770481841
11.807244265334928,-0.7396354806646972
22.490620052663775,-0.41962049122952916
27.44176262878547,-0.19166674359879732
12.011467080467964,0.03142296106296261
9.977390744524968,-2.43354300747313
37.30957508279285,0.7635562905498929
24.68738226052368,-2.977952033925386
50.07022260265587,0.5730034050716712
26.0343519190041,-0.5109523002082077
46.715521365440765,-0.7030535053628251
27.15453889479081,2.5220552153428004
12.766505590166904,1.0584077294378265
26.750792629059738,-0.18169291380751007
16.992193511753705,0.1834233360150157
38.92293435116501,1.7005265800970122
16.016697354570123,-2.020313704313927
10.34875771250466,0.800117013838991
6.046467825929238,1.3260149968035293
33.025142723704,-2.5748977211248185
14.544054197979115,2.275745691192956
13.421556571752312,-0.01748533386264839
25.013959053624685,-0.24895240576626643
20.864092910217142,-0.5211230687146244
17.288349724621767,-1.6234110641107433
9.398662148565464,0.8331898496786927
13.786717714553637,0.27554876399646844
9.130452021170996,-0.9204143499364648
7.628095192492255,-0.978147662830346
42.87460740619241,0.3026711693134043
8.259786666176584,0.846412462751438
44.77572617276972,0.36627652325247784
21.07861533217925,0.1809669840139767
23.85359874164071,-0.8691707481108057
21.60037840264665,0.6444102759301247
41.034112422601495,-0.8752894203004074
30.66217368920224,-1.2727963107881877
45.08800036132438,1.4398764636050094
26.075709827857462,-1.916799813934734
20.207800193022173,-0.48957140156612056
41.53527544269467,0.5401010607944672
29.555194220753275,-2.413616760186393
12.614431730595149,0.3129799924565124
17.795915329298516,0.39674584906788457
20.002482461171375,0.054034236476594
17.53169985090636,1.669597764297011
35.06871440337466,0.07650270788852653
24.18462450953414,-0.23126007469653276
15.42789841594308,-2.4689959298696165
9.177317246296518,1.884054014644029
44.49864049304507,-0.6558934676935202
41.1829290786722,-1.4273030722527604
72.80156099007127,-0.8247227544343612
31.23778423767774,1.0487227473012037
36.594746191534874,-2.5637885902178557
30.905231191395348,-1.4960478547206142
34.662274037843446,0.4361447648258312
21.22527130800591,0.26511267692847706
22.350675798299456,1.0680160897282187
9.28194880236278,-1.3653958279155276
25.13800654293529,3.127351620590977
7.597600831893417,-0.5417054655999252
28.82763654865956,-1.9624076135430508
24.7784543581441,2.0431274477340686
25.572613214889135,0.6167659948895161
10.326357396888124,-0.15149368234653116
17.486873072559042,-0.8109786376084966
8.515800009816928,0.5201188818364266
16.06369530953214,1.1313541431448169
8.775019280532476,-0.8816516672944417
38.389219836216014,1.986429446940317
36.87045148182316,0.27792447690882804
28.63062791379065,-3.074166005649145
27.790038641919832,1.4256590762454637
46.441278642587655,-2.4508960533656374
25.625686194227473,0.33859090470895614
19.43905451427258,-1.5253398736848638
37.3380830077367,-0.1199119380643805
48.50294722025177,0.4071534600460991
27.457619452933926,0.20548217950906267
27.372541146946478,-0.40141173259987983
36.98673731274997,0.03558922178428414
56.28125061335668,-0.3998784566746676
35.75275564319895,0.7757680008987289
28.961994899056293,-1.368225758447311
42.852100150904135,0.17283876964395706
36.16494408099524,-1.8564896385448417
20.35265430671777,0.09188072275289416
35.66851626199379,-2.314161091618608
7.535945170457307,0.25679608080423755
30.728143346326643,2.4275676259785364
12.981424662652659,0.3289881848042704
40.021933589039016,-1.23682101184958
32.126995819007185,-3.103264797243869
17.45085998729636,0.8120163194066556
47.29136261711756,-2.205043241139692
26.4017055474349,-1.862220773501857
27.767403301894202,-1.7713765774415329
20.199390047679195,-1.0326982778536342
39.42874631508362,0.5365487773379325
16.51295999181475,2.1146352307306975
4.86439990693438,2.614453322863948
20.15697238530645,-1.2728463043848475
51.56240140525433,-1.7807485152062323
26.933340465262454,-0.06319011928062013
13.02678864717855,1.5848635848911519
27.615416611302127,-1.321635953375246
35.6240150075577,-0.4853619872548607
27.115182306199756,0.8684062665137953
37.71848112752069,0.7947000230798951
22.03663556904801,-0.3433130117716843
31.83493873673634,1.2411569521505594
17.465910413038465,-1.1396045987662884
16.889459748639062,0.2291418361168973
12.757726316976791,-0.22845996326042428
39.60173247782284,0.6661053349111561
37.11889678188442,-0.4000546685240356
30.301737771529595,-0.044616905599569545
29.055136453557783,-0.7773532770830989
35.64940256358574,-0.4092067107382418
27.331120143618257,2.7614723820188445
25.69680660407487,0.14626568510267557
19.90410014447181,0.21891372709093515
39.04465276460215,0.1330347869056907
24.652057329897687,1.3096427003507554
23.88715562751872,-1.4992270721746728
52.17201956068322,0.20503457835867067
13.765077262171214,-0.5536939802392142
23.661582162913255,-1.0987963190873886
20.91201134837229,0.5857243799445335
18.85119929790764,-0.3005851023697548
15.321298526419506,1.8681967853509818
38.54819048743494,1.3821895525624717
0.72122847860152,0.8386503931549982
18.21258303508771,1.2783921755535914
30.0118563768918,1.1783708490674991
15.01205416329901,0.9084343097450898
13.159852482430463,0.5134668395445008
29.876206228554004,1.9006531108406595
4.107679426027341,-0.3459597332049862
64.78946754249287,-0.4841510706357415
21.759531455869844,2.5378191504978256
33.25004256328152,0.1815168733042265
24.692266047542745,0.6353346457406746
30.36946034118555,-2.207994839856406
6.47704508185045,-0.2981030569764225
13.06914158259412,-2.9390003548887247
14.00041952259211,1.4437207987680862
