datetime,temperature,humidity,pressure
2023-01-01 00:00:00,20.0,70.0,1013.2327342305114
2023-01-01 01:00:00,20.1572109545956,69.99683556746534,1011.7231015388624
2023-01-01 02:00:00,20.31426645022241,69.987344272588,1018.0400441680689
2023-01-01 03:00:00,20.471011181638133,69.97153212228046,1010.3995998089844
2023-01-01 04:00:00,20.62729015090148,69.94940912383929,1012.1691069287443
2023-01-01 05:00:00,20.782948820642787,69.92098927861169,1008.7165270322963
2023-01-01 06:00:00,20.937833266879185,69.88629057313423,1014.8757061985315
2023-01-01 07:00:00,21.091790331223226,69.84533496774942,1010.1235541574895
2023-01-01 08:00:00,21.24466777233446,69.7981483827073,1012.8963007677356
2023-01-01 09:00:00,21.39631441646415,69.74476068176084,1020.5367393547498
2023-01-01 10:00:00,21.546580306944342,69.6852056532656,1008.6661410907057
2023-01-01 11:00:00,21.695316852473375,69.61952098879554,1006.9257046567384
2023-01-01 12:00:00,21.84237697405125,69.54774825928854,1014.5453746915471
2023-01-01 13:00:00,21.987615250419566,69.46993288873664,1010.8739522088256
2023-01-01 14:00:00,22.130888061862176,69.38612412543789,1018.1178843182942
2023-01-01 15:00:00,22.272053732224386,69.29637501082777,1012.3798425617613
2023-01-01 16:00:00,22.41097266901024,69.20074234590992,1007.0424993525887
2023-01-01 17:00:00,22.547507501419368,69.09928665530757,1013.6544563709664
2023-01-01 18:00:00,22.68152321618691,68.99207214895837,1009.576272643604
2023-01-01 19:00:00,22.812887291092185,68.87916668147673,1013.5444004372864
2023-01-01 20:00:00,22.941469826004024,68.76064170920958,1013.9990979102189
2023-01-01 21:00:00,23.06714367133331,68.6365722450126,1012.9885729387267
2023-01-01 22:00:00,23.18978455376556,68.50703681077562,1011.8098664085578
2023-01-01 23:00:00,23.30927119914934,68.3721173877271,1013.837919445546
2023-01-02 00:00:00,23.425485452418904,68.23189936454945,1017.6053735358621
2023-01-02 01:00:00,23.538312394432523,68.08647148333755,1011.4868703619625
2023-01-02 02:00:00,23.64764045561094,67.93592578343515,1012.5498889358568
2023-01-02 03:00:00,23.75336152626362,67.7803575431844,1013.623510612494
2023-01-02 04:00:00,23.855371063493624,67.61986521962545,1021.3757336729959
2023-01-02 05:00:00,23.953568194575467,67.45455038618437,1012.6362667908704
2023-01-02 06:00:00,24.04785581670372,67.28451766838862,1010.6019146694426
2023-01-02 07:00:00,24.138140693013654,67.10987467765102,1013.9573117676895
2023-01-02 08:00:00,24.22433354477909,66.93073194316398,1008.7769954570231
2023-01-02 09:00:00,24.306349139696152,66.74720284194693,1018.7108321696693
2023-01-02 10:00:00,24.384106376165768,66.55940352709167,1011.087333405563
2023-01-02 11:00:00,24.45752836349142,66.3674528542506,1010.2913464534417
2023-01-02 12:00:00,24.526542497912985,66.17147230641456,1009.8480507493914
2023-01-02 13:00:00,24.59108053440137,65.97158591702787,1013.4939011113195
2023-01-02 14:00:00,24.65107865414302,65.7679201914893,1013.0057968078415
2023-01-02 15:00:00,24.706477527647515,65.56060402708847,1006.9510571384565
2023-01-02 16:00:00,24.757222373415882,65.34976863142852,1009.3530438041294
2023-01-02 17:00:00,24.803263012111607,65.13554743938651,1006.9679336945802
2023-01-02 18:00:00,24.844553916180747,64.91807602866442,1018.3727102124578
2023-01-02 19:00:00,24.881054254872147,64.6974920339837,1006.0136211555645
2023-01-02 20:00:00,24.912727934613137,64.47393505997827,1015.0995006322121
2023-01-02 21:00:00,24.93954363470089,64.24754659284048,1014.9656565483691
2023-01-02 22:00:00,24.961474838274068,64.01846991077652,1014.4903813446846
2023-01-02 23:00:00,24.97849985853419,63.7868499933275,1012.755471784204
2023-01-03 00:00:00,24.990601860190733,63.55283342961394,1011.4885795194467
2023-01-03 01:00:00,24.997768876108818,63.31656832556139,1013.7993395518987
2023-01-03 02:00:00,24.999993819142986,63.07820421016628,1014.1688246981308
2023-01-03 03:00:00,24.997274489145347,62.83789194086097,1007.3419685881621
2023-01-03 04:00:00,24.989613575141217,62.59578360803816,1013.700290364484
2023-01-03 05:00:00,24.97701865267006,62.3520324387949,1014.7755466929767
2023-01-03 06:00:00,24.959502176294386,62.10679269995727,1007.7948302105389
2023-01-03 07:00:00,24.937081467283946,61.860219600446925,1013.9403121227358
2023-01-03 08:00:00,24.909778696487535,61.612469193051524,1015.5391170437966
2023-01-03 09:00:00,24.877620862409195,61.363698275661,1012.6926663384454
2023-01-03 10:00:00,24.840639764510595,61.11406429203228,1006.8637053775733
2023-01-03 11:00:00,24.798871971765948,60.863725232145285,1006.7576744089839
2023-01-03 12:00:00,24.752358786500558,60.612839532213165,1006.7444810398882
2023-01-03 13:00:00,24.701146203548795,60.36156597441019,1019.6156609700262
2023-01-03 14:00:00,24.645284864771813,60.11006358638065,1014.267107620348
2023-01-03 15:00:00,24.584830008980067,59.85849154059238,1013.1498384992725
2023-01-03 16:00:00,24.519841417310083,59.60700905359869,1016.3419186264223
2023-01-03 17:00:00,24.45038335410953,59.35577528527232,1015.0653467856545
2023-01-03 18:00:00,24.376524503389064,59.104949238075335,1012.0713000031326
2023-01-03 19:00:00,24.298337900903725,58.85468965642859,1014.7682535072711
2023-01-03 20:00:00,24.21590086193111,58.605154926244545,1014.9443963036168
2023-01-03 21:00:00,24.129294904817716,58.35650297468694,1015.5991916786455
2023-01-03 22:00:00,24.038605670369037,58.108891170220836,1010.8301742544296
2023-01-03 23:00:00,23.943922837163157,57.862476223016245,1011.927932576198
2023-01-04 00:00:00,23.845340032871583,57.61741408576835,1019.195684852365
2023-01-04 01:00:00,23.742954741674954,57.37385985499718,1015.7555387730554
2023-01-04 02:00:00,23.636868207865245,57.131967672889104,1008.8098139132801
2023-01-04 03:00:00,23.52718533572977,56.89189062974229,1009.2433682561327
2023-01-04 04:00:00,23.414014585815945,56.65378066707799,1011.0412247947435
2023-01-04 05:00:00,23.29746786767948,56.41778848147873,1014.8678690072317
2023-01-04 06:00:00,23.177660429221923,56.18406342921452,1012.1544931844144
2023-01-04 07:00:00,23.054710742727117,55.95275343171727,1012.4306118999203
2023-01-04 08:00:00,22.928740387709198,55.72400488196331,1014.4609885771716
2023-01-04 09:00:00,22.799873930687976,55.49796255182327,1015.8392760987958
2023-01-04 10:00:00,22.668238802010613,55.274769500437884,1013.5140789367939
2023-01-04 11:00:00,22.533965169841366,55.054566983677816,1013.5710686800808
2023-01-04 12:00:00,22.39718581144405,54.837494364744714,1011.621101857006
2023-01-04 13:00:00,22.258035981884476,54.62368902597013,1007.9966533385258
2023-01-04 14:00:00,22.116653280282673,54.41328628186808,1015.6550330845413
2023-01-04 15:00:00,21.973177513747206,54.20641929349633,1018.11211276385
2023-01-04 16:00:00,21.8277505591261,54.00321898418055,1015.9429534677843
2023-01-04 17:00:00,21.68051622271108,53.803813956654714,1012.7294418430749
2023-01-04 18:00:00,21.53162009803392,53.60833041167015,1017.4139103233299
2023-01-04 19:00:00,21.381209421895374,53.41689206812482,1013.4810941008301
2023-01-04 20:00:00,21.229432928769253,53.22962008476324,1011.9882635656807
2023-01-04 21:00:00,21.076440703725453,53.04663298349682,1013.6321952097021
2023-01-04 22:00:00,20.922384034017462,52.8680465743929,1013.4648947115534
2023-01-04 23:00:00,20.767415259481083,52.693973882380114,1011.7362447842215
2023-01-05 00:00:00,20.611687621892287,52.52452507571647,1007.5106583433155
2023-01-05 01:00:00,20.455355113433207,52.35980739626531,1010.7347714461094
2023-01-05 02:00:00,20.298572324416053,52.19992509162342,1010.395707651821
2023-01-05 03:00:00,20.14149429041559,52.0449793491441,1013.844375427198
2023-01-05 04:00:00,19.98427633896132,51.895068231897085,1019.2364210652449
2023-01-05 05:00:00,19.827073935940916,51.7502866166057,1015.0027671777435
2023-01-05 06:00:00,19.670042531866898,51.61072613360073,1015.0387892259648
2023-01-05 07:00:00,19.51333740815849,51.476475108828765,1017.3930727736902
2023-01-05 08:00:00,19.35711352359066,51.34761850795192,1010.6744636340547
2023-01-05 09:00:00,19.201525361062256,51.22423788257423,1008.3668395692811
2023-01-05 10:00:00,19.04672677483468,51.1064113186287,1017.9103900942487
2023-01-05 11:00:00,18.892870838392206,50.99421338695782,1014.2326598354832
2023-01-05 12:00:00,18.740109693074377,50.88771509611864,1011.2999326630822
2023-01-05 13:00:00,18.588594397630143,50.78698384744246,1014.6876131704132
2023-01-05 14:00:00,18.438474778842554,50.692083392377384,1011.4640287612392
2023-01-05 15:00:00,18.28989928337166,50.60307379214092,1012.2383764503079
2023-01-05 16:00:00,18.143014830962162,50.520011379708045,1013.7581922442071
2023-01-05 17:00:00,17.99796666916098,50.44294872415883,1009.7401198391989
2023-01-05 18:00:00,17.854898229688366,50.371934597408156,1018.1229552973413
2023-01-05 19:00:00,17.713950986604605,50.307013943338646,1013.902612536969
2023-01-05 20:00:00,17.575264316412564,50.24822784935628,1010.7039917270956
2023-01-05 21:00:00,17.43897536023443,50.19561352038673,1011.3121430002681
2023-01-05 22:00:00,17.30521888819892,50.14920425532888,1018.8750724888276
2023-01-05 23:00:00,17.17412716617304,50.10902942598039,1008.9980093125498
2023-01-06 00:00:00,17.045829824970212,50.07511445844865,1013.7716509765288
2023-01-06 01:00:00,16.920453732164106,50.04748081705901,1010.1964059158217
2023-01-06 02:00:00,16.79812286663487,50.02614599077024,1011.700305814357
2023-01-06 03:00:00,16.67895819597193,50.01112348210602,1010.7260414862731
2023-01-06 04:00:00,16.563077556854452,50.002422798609395,1010.5560889599967
2023-01-06 05:00:00,16.450595538527857,50.00004944682554,1014.1608791011107
2023-01-06 06:00:00,16.34162336949161,50.004004928816784,1009.8441445601424
2023-01-06 07:00:00,16.23626880751023,50.01428674121194,1015.8792471370159
2023-01-06 08:00:00,16.134636033056413,50.03088837679068,1017.099101801381
2023-01-06 09:00:00,16.036825546291578,50.053799328601855,1009.746601054507
2023-01-06 10:00:00,15.942934067685673,50.08300509661319,1014.858107695837
2023-01-06 11:00:00,15.853054442374589,50.1184871968882,1011.5191851257083
2023-01-06 12:00:00,15.767275548349698,50.160223173284386,1015.153740325326
2023-01-06 13:00:00,15.685682208570347,50.20818661166542,1014.9428787730736
2023-01-06 14:00:00,15.608355107086158,50.26234715661833,1012.3845528660041
2023-01-06 15:00:00,15.535370709252158,50.32267053066501,1011.4270033411658
2023-01-06 16:00:00,15.466801186115553,50.389118555955974,1014.6761459690939
2023-01-06 17:00:00,15.402714343048974,50.461649178432594,1015.3287629295908
2023-01-06 18:00:00,15.34317355270073,50.540216494442575,1014.0092601571835
2023-01-06 19:00:00,15.288237692328407,50.624770779791724,1011.4713596089836
2023-01-06 20:00:00,15.237961085577744,50.71525852121374,1013.2790495942684
2023-01-06 21:00:00,15.192393448764374,50.81162245023803,1012.6127569777937
2023-01-06 22:00:00,15.151579841711563,50.91380157943418,1008.0080775488908
2023-01-06 23:00:00,15.115560623192538,51.02173124101001,1006.4209613824535
2023-01-07 00:00:00,15.084371411021479,51.13534312773901,1015.7222708642
2023-01-07 01:00:00,15.058043046832637,51.25456533619106,1014.4823596288069
2023-01-07 02:00:00,15.036601565582398,51.379322412239084,1011.6904190819325
2023-01-07 03:00:00,15.020068169804478,51.50953539881302,1013.1436947263549
2023-01-07 04:00:00,15.008459208643659,51.64512188587064,1015.1447867940726
2023-01-07 05:00:00,15.00178616168885,51.78599606255375,1016.5930414495953
2023-01-07 06:00:00,15.00005562762143,51.93206877149676,1011.8320441043835
2023-01-07 07:00:00,15.003269317690096,52.083247565253146,1011.9079300860722
2023-01-07 08:00:00,15.011424054018693,52.23943676480421,1008.9943794131498
2023-01-07 09:00:00,15.024511772748669,52.40053752011302,1015.2923872794755
2023-01-07 10:00:00,15.042519532013076,52.566447872685295,1009.2504795024116
2023-01-07 11:00:00,15.0654295247342,52.73706282009753,1014.7459473963414
2023-01-07 12:00:00,15.0932190962322,52.91227438245161,1014.0779513435115
2023-01-07 13:00:00,15.125860766627328,53.09197167071389,1013.2643870468017
2023-01-07 14:00:00,15.163322258013547,53.27604095689527,1009.0347012791746
2023-01-07 15:00:00,15.205566526376751,53.46436574602821,1013.9086417055053
2023-01-07 16:00:00,15.252551798225932,53.65682684989472,1012.3138434151074
2023-01-07 17:00:00,15.30423161190116,53.85330246245907,1015.3272793171094
2023-01-07 18:00:00,15.360554863517454,54.05366823695713,1010.5468879074102
2023-01-07 19:00:00,15.421465857499152,54.257797364593756,1008.8763539170662
2023-01-07 20:00:00,15.48690436165483,54.465560654798416,1005.7878275661056
2023-01-07 21:00:00,15.55680566673822,54.67682661698808,1013.8165994216529
2023-01-07 22:00:00,15.631100650436355,54.89146154378591,1008.8630144999732
2023-01-07 23:00:00,15.709715845721561,55.109329595642826,1011.3248437528795
2023-01-08 00:00:00,15.792573513499748,55.330292886808515,1015.4357063222454
2023-01-08 01:00:00,15.879591719483177,55.55421157259747,1010.0293451081061
2023-01-08 02:00:00,15.970684415211652,55.780943937894804,1011.8535717440365
2023-01-08 03:00:00,16.065761523142047,56.01034648684583,1015.9737983436613
2023-01-08 04:00:00,16.164729025722004,56.24227403367267,1010.9093382555523
2023-01-08 05:00:00,16.267489058359736,56.47657979456035,1015.4357706126297
2023-01-08 06:00:00,16.373940006198012,56.71311548055431,1014.5581332156784
2023-01-08 07:00:00,16.48397660459658,56.95173139141046,1013.447725847964
2023-01-08 08:00:00,16.597490043223736,57.19227651033851,1018.8727513916766
2023-01-08 09:00:00,16.714368073654054,57.43459859957835,1016.5569551760788
2023-01-08 10:00:00,16.834495120365894,57.67854429674938,1012.7054829317733
2023-01-08 11:00:00,16.957752395028912,57.923959211911445,1009.449520351874
2023-01-08 12:00:00,17.08401801396863,58.17068802527613,1009.2748660907453
2023-01-08 13:00:00,17.213167118691786,58.41857458550658,1014.7290293913766
2023-01-08 14:00:00,17.345071999353397,58.667462008543595,1013.4511616490097
2023-01-08 15:00:00,17.479602221043372,58.917192776895384,1013.3243322196565
2023-01-08 16:00:00,17.616624752767862,59.16760883932827,1017.3184659189799
2023-01-08 17:00:00,17.75600409899769,59.41855171089524,1010.9381805482759
2023-01-08 18:00:00,17.897602433653923,59.66986257323886,1012.6027760436201
2023-01-08 19:00:00,18.04127973639801,59.92138237510531,1016.457260488933
2023-01-08 20:00:00,18.186893931091664,60.17295193300576,1011.8454351428601
2023-01-08 21:00:00,18.334301026289708,60.42441203196148,1014.4743172959816
2023-01-08 22:00:00,18.48335525762686,60.67560352626878,1009.7855252327664
2023-01-08 23:00:00,18.63390923195767,60.92636744022027,1016.977217365877
2023-01-09 00:00:00,18.785814073107062,61.17654506871838,1012.0799689810136
2023-01-09 01:00:00,18.938919569087457,61.4259780777177,1010.0654947849337
2023-01-09 02:00:00,19.09307432063674,61.674508604432454,1010.3322992461053
2023-01-09 03:00:00,19.248125890930314,61.92197935724572,1012.6712340890457
2023-01-09 04:00:00,19.40392095631913,62.16823371525719,1012.4676057125057
2023-01-09 05:00:00,19.56030545794469,62.413115827406386,1015.4742994974449
2023-01-09 06:00:00,19.717124754081038,62.65647071110876,1010.3821389309692
2023-01-09 07:00:00,19.874223773053117,62.89814435034201,1014.2559621879918
2023-01-09 08:00:00,20.031447166580335,63.13798379312078,1011.1850931657362
2023-01-09 09:00:00,20.188639463393585,63.37583724829791,1009.183445535996
2023-01-09 10:00:00,20.345645222973918,63.61155418163101,1016.5455681210458
2023-01-09 11:00:00,20.502309189260835,63.844985411053486,1014.4540779486465
2023-01-09 12:00:00,20.658476444178117,64.07598320108995,1011.8176071982872
2023-01-09 13:00:00,20.81399256082547,64.30440135635598,1015.1819953492901
2023-01-09 14:00:00,20.968703756184485,64.53009531408313,1015.692066968651
2023-01-09 15:00:00,21.12245704318786,64.7529222356109,1011.1033319154371
2023-01-09 16:00:00,21.27510038200155,64.97274109678723,1008.2410032615538
2023-01-09 17:00:00,21.426482830370244,65.18941277722095,1012.2647509537616
2023-01-09 18:00:00,21.57645469287751,65.40280014832906,1006.4115992440607
2023-01-09 19:00:00,21.72486766897295,65.61276816012365,1013.3386733175525
2023-01-09 20:00:00,21.87157499962009,65.81918392668315,1013.4044938024809
2023-01-09 21:00:00,22.016431612419904,66.02191681025408,1013.0941668824099
2023-01-09 22:00:00,22.159294265066485,66.22083850392995,1017.3694232155344
2023-01-09 23:00:00,22.30002168699305,66.41582311285488,1016.1416565181964
2023-01-10 00:00:00,22.438474719068168,66.60674723390082,1011.7464550623381
2023-01-10 01:00:00,22.57451645120406,66.7934900337677,1010.6695949183037
2023-01-10 02:00:00,22.708012357740948,66.97593332545722,1009.3775043105743
2023-01-10 03:00:00,22.838830430473536,67.15396164307181,1012.5364652855146
2023-01-10 04:00:00,22.966841309188098,67.32746231489139,1015.598971222593
2023-01-10 05:00:00,23.091918409581076,67.49632553468183,1010.3050633544964
2023-01-10 06:00:00,23.21393804843269,67.66044443118977,1014.9366103519643
2023-01-10 07:00:00,23.332779565911856,67.81971513578013,1017.1592560940063
2023-01-10 08:00:00,23.448325444891307,67.97403684817299,1011.8392579753012
2023-01-10 09:00:00,23.560461427155122,68.12331190023886,1014.1844111737217
2023-01-10 10:00:00,23.669076626383635,68.26744581781146,1013.2014632935262
2023-01-10 11:00:00,23.77406363780399,68.40634738047918,1015.2191579679339
2023-01-10 12:00:00,23.875318644398007,68.5399286793172,1017.1504389496644
2023-01-10 13:00:00,23.972741519562216,68.66810517252392,1017.2629625089253
2023-01-10 14:00:00,24.06623592611866,68.79079573892629,1011.9887752367409
2023-01-10 15:00:00,24.155709411578467,68.90792272932028,1017.4733554703428
2023-01-10 16:00:00,24.24107349956401,69.0194120156141,1011.6884786138202
2023-01-10 17:00:00,24.322243777299324,69.12519303774276,1011.1621522779856
2023-01-10 18:00:00,24.399139979082147,69.22519884832468,1013.4537504522986
2023-01-10 19:00:00,24.471686065655135,69.31936615503173,1014.7522109372363
2023-01-10 20:00:00,24.53981029939773,69.40763536064611,1017.9233747992797
2023-01-10 21:00:00,24.603445315264317,69.48995060077858,1009.9677014277851
2023-01-10 22:00:00,24.662528187398536,69.56625977922437,1016.3050381427504
2023-01-10 23:00:00,24.717000491357904,69.63651460093408,1012.7464844302035
2023-01-11 00:00:00,24.766808361887144,69.70067060257901,1009.8828220159795
2023-01-11 01:00:00,24.811902546183166,69.75868718069137,1013.6742810325512
2023-01-11 02:00:00,24.852238452598982,69.81052761736169,1016.7627655254278
2023-01-11 03:00:00,24.88777619473843,69.85615910347708,1005.0195960221084
2023-01-11 04:00:00,24.91848063089805,69.89555275948572,1008.2912576904554
2023-01-11 05:00:00,24.944321398817177,69.92868365367424,1018.9290772118272
2023-01-11 06:00:00,24.965272945701837,69.95553081794674,1013.406308199303
2023-01-11 07:00:00,24.981314553492773,69.97607726109523,1012.2813736195571
2023-01-11 08:00:00,24.99243035935261,69.99030997955305,1015.5453465148712
2023-01-11 09:00:00,24.998609371351943,69.99821996562473,1016.7060000513171
2023-01-11 10:00:00,24.999845479338735,69.99980221318683,1010.0953919602753
2023-01-11 11:00:00,24.996137460980396,69.99505572085621,1013.3473189696762
2023-01-11 12:00:00,24.9874889829725,69.98398349262384,1003.7523639812144
2023-01-11 13:00:00,24.973908597412926,69.96659253595352,1012.4199045089454
2023-01-11 14:00:00,24.9554097333451,69.94289385734713,1007.4707046956119
2023-01-11 15:00:00,24.932010683478573,69.91290245537856,1018.4904422144083
2023-01-11 16:00:00,24.9037345861002,69.87663731120143,1011.4584594888981
2023-01-11 17:00:00,24.870609402193683,69.83412137653619,1011.8929953672487
2023-01-11 18:00:00,24.83266788779021,69.7853815591442,1010.0616096162827
2023-01-11 19:00:00,24.789947561577446,69.73044870579824,1010.8029134453153
2023-01-11 20:00:00,24.74249066779898,69.66935758275999,1014.0227739665152
2023-01-11 21:00:00,24.69034413448083,69.6021468537769,1012.2600113375063
2023-01-11 22:00:00,24.633559527026428,69.52885905561247,1012.2737790625229
2023-01-11 23:00:00,24.57219299722583,69.44954057112528,1013.5007341295174
2023-01-12 00:00:00,24.506305227729726,69.36424159991392,1009.190305123067
2023-01-12 01:00:00,24.43596137204302,69.27301612654632,1009.800068121218
2023-01-12 02:00:00,24.361230990097436,69.17592188639367,1016.045018735529
2023-01-12 03:00:00,24.282187979466734,69.07302032909044,1015.9580100886168
2023-01-12 04:00:00,24.1989105022927,68.96437657964383,1016.2152195583948
2023-01-12 05:00:00,24.11148090799405,68.85005939721688,1011.0832092899681
2023-01-12 06:00:00,24.019985651834705,68.73014113161189,1009.9256880539424
2023-01-12 07:00:00,23.924515209432023,68.60469767748108,1012.7844637469199
2023-01-12 08:00:00,23.82516398728945,68.47380842629397,1013.5402782545233
2023-01-12 09:00:00,23.7220302294421,68.33755621609151,1012.5883921416087
2023-01-12 10:00:00,23.615215920307552,68.19602727905912,1018.430981981804
2023-01-12 11:00:00,23.50482668383799,68.04931118695136,1012.1392631446322
2023-01-12 12:00:00,23.390971679073335,67.89750079440327,1012.4811509096113
2023-01-12 13:00:00,23.273763492198675,67.74069218016392,1011.5483375715899
2023-01-12 14:00:00,23.153318025212787,67.57898458628942,1015.8202073137431
2023-01-12 15:00:00,23.029754381317748,67.412480355334,1019.3347704781132
2023-01-12 16:00:00,22.903194747143033,67.2412848655788,1011.8408045589176
2023-01-12 17:00:00,22.77376427192059,67.06550646433934,1015.1810042112893
2023-01-12 18:00:00,22.64159094373026,66.88525639939392,1012.5400210441837
2023-01-12 19:00:00,22.506805462938033,66.70064874857658,1011.4536034707819
2023-01-12 20:00:00,22.369541112952216,66.51180034757857,1009.2984727649773
2023-01-12 21:00:00,22.229933628425382,66.31883071600473,1010.2761063425847
2023-01-12 22:00:00,22.088121061032343,66.12186198173114,1019.1304740426564
2023-01-12 23:00:00,21.944243642956945,65.92101880361201,1012.120262083147
2023-01-13 00:00:00,21.798443648222683,65.7164282925848,1012.7494718543566
2023-01-13 01:00:00,21.650865252004188,65.50821993122335,1014.5035453817362
2023-01-13 02:00:00,21.501654388058757,65.29652549179022,1010.7420401446554
2023-01-13 03:00:00,21.350958604418913,65.0814789528397,1006.7551660565427
2023-01-13 04:00:00,21.19892691748868,64.86321641442467,1016.8125976982614
2023-01-13 05:00:00,21.045709664687845,64.64187601196066,1012.6401166914092
2023-01-13 06:00:00,20.891458355789887,64.41759782880183,1016.1806961025248
2023-01-13 07:00:00,20.73632552310071,64.1905238075841,1009.8058123774438
2023-01-13 08:00:00,20.580464570626155,63.96079766039158,1007.5310238631574
2023-01-13 09:00:00,20.42402962237755,63.72856477780309,1011.6472726261486
2023-01-13 10:00:00,20.267175369965287,63.493972136876515,1014.4727585268894
2023-01-13 11:00:00,20.11005691963115,63.25716820812891,1008.5450603606282
2023-01-13 12:00:00,19.952829638870522,63.01830286157158,1010.751765180989
2023-01-13 13:00:00,19.79564900279645,62.77752727185931,1013.4637417245236
2023-01-13 14:00:00,19.63867044039707,62.534993822614055,1011.9528672581636
2023-01-13 15:00:00,19.482049180838807,62.29085600998331,1015.1879495015692
2023-01-13 16:00:00,19.32594009996708,62.04526834549451,1013.9988991606633
2023-01-13 17:00:00,19.170497567156435,61.7983862582668,1015.3078357174708
2023-01-13 18:00:00,19.01587529266148,61.550365996641986,1007.8221298977921
2023-01-13 19:00:00,18.862226175619597,61.30136452929708,1010.2575814960792
2023-01-13 20:00:00,18.709702152855755,61.05153944590099,1009.5047949814794
2023-01-13 21:00:00,18.558454048638897,60.801048857378085,1009.3041495317058
2023-01-13 22:00:00,18.40863142553846,60.550051295841946,1014.8535391462278
2023-01-13 23:00:00,18.26038243652858,60.29870561426254,1017.086354494034
2023-01-14 00:00:00,18.11385367848616,60.04717088593033,1008.6656890844799
2023-01-14 01:00:00,17.969190047227645,59.79560630378089,1018.3510112468755
2023-01-14 02:00:00,17.82653459422803,59.544171079643895,1011.076508985055
2023-01-14 03:00:00,17.68602838516351,59.29302434348006,1012.1944308468111
2023-01-14 04:00:00,17.547810360417902,59.04232504266997,1013.0764599151337
2023-01-14 05:00:00,17.41201719769061,58.79223184141839,1014.3514419892633
2023-01-14 06:00:00,17.278783176842104,58.54290302033789,1005.9997619702336
2023-01-14 07:00:00,17.148240047110498,58.29449637627511,1011.4533881982766
2023-01-14 08:00:00,17.020516896830518,58.04716912244331,1011.1898075484136
2023-01-14 09:00:00,16.895740025783788,57.80107778892423,1012.475906839179
2023-01-14 10:00:00,16.774032820306537,57.55637812360234,1014.4157555708548
2023-01-14 11:00:00,16.655515631278305,57.31322499359407,1016.2995045409864
2023-01-14 12:00:00,16.54030565511227,57.07177228723451,1010.6982866099335
2023-01-14 13:00:00,16.428516817864903,56.83217281668359,1010.2967640578214
2023-01-14 14:00:00,16.32025966257949,56.59457822121328,1016.0431575924962
2023-01-14 15:00:00,16.215641239975046,56.359138871237164,1010.490180385298
2023-01-14 16:00:00,16.114765002588562,56.12600377314307,1011.0148042984993
2023-01-14 17:00:00,16.017730702475358,55.895320474988864,1013.7937632845204
2023-01-14 18:00:00,15.92463429256869,55.66723497312132,1014.7764369593997
2023-01-14 19:00:00,15.835567831796133,55.441891619776996,1011.826830665635
2023-01-14 20:00:00,15.750619394046574,55.219433031723646,1014.5840917552614
2023-01-14 21:00:00,15.66987298107781,55.00000000000001,1019.4612810803902
2023-01-14 22:00:00,15.593408439450968,54.78373140081103,1012.8580063448886
2023-01-14 23:00:00,15.521301381573725,54.570764107635014,1009.6359588134216
2023-01-15 00:00:00,15.45362311093056,54.36123290459823,1011.1711557831512
2023-01-15 01:00:00,15.390440551573874,54.15527040117186,1017.9738851023415
2023-01-15 02:00:00,15.331816181945769,53.95300694824526,1012.2824708060316
2023-01-15 03:00:00,15.27780797309586,53.754570555628625,1016.1253827567443
2023-01-15 04:00:00,15.228469331356258,53.560086811037316,1015.0254095382337
2023-01-15 05:00:00,15.183849045530438,53.36967880060914,1009.6454260873716
2023-01-15 06:00:00,15.14399123864812,53.183467031004675,1011.9432435911596
2023-01-15 07:00:00,15.10893532433396,53.001569353140354,1013.2142521874234
2023-01-15 08:00:00,15.078715967833158,52.82410088760213,1011.1575249680593
2023-01-15 09:00:00,15.053363051732534,52.65117395178724,1012.1579880888729
2023-01-15 10:00:00,15.032901646410949,52.48289798882007,1013.5294260459185
2023-01-15 11:00:00,15.017351985248318,52.31937949828701,1012.5287053477812
2023-01-15 12:00:00,15.006729444617719,52.16072196883435,1015.4634484106421
2023-01-15 13:00:00,15.001044528680369,52.007025812671706,1010.0732870799923
2023-01-15 14:00:00,15.00030285899853,51.85838830202248,1011.845550306338
2023-01-15 15:00:00,15.004505168976593,51.71490350756159,1010.0630306768697
2023-01-15 16:00:00,15.013647303135837,51.57666223887938,1011.3537491653182
2023-01-15 17:00:00,15.02772022122361,51.443751987009534,1012.2120653420942
2023-01-15 18:00:00,15.04671000715284,51.31625686905707,1014.4533468760976
2023-01-15 19:00:00,15.070597882763021,51.19425757496185,1013.0900118619762
2023-01-15 20:00:00,15.099360226389116,51.07783131643097,1011.0528278993877
2023-01-15 21:00:00,15.132968596219985,50.96705177807248,1008.3934506092245
2023-01-15 22:00:00,15.171389758423224,50.86198907076147,1013.6937105578164
2023-01-15 23:00:00,15.214585720008643,50.76270968726778,1017.5646403343317
2023-01-16 00:00:00,15.262513766397849,50.669276460173634,1012.3542766710272
2023-01-16 01:00:00,15.315126503662807,50.58174852210776,1016.2838329274495
2023-01-16 02:00:00,15.372371905391608,50.500181268321136,1006.8745021155978
2023-01-16 03:00:00,15.434193364135082,50.4246263216281,1010.767322294737
2023-01-16 04:00:00,15.500529747383407,50.35513149973494,1009.9314300615843
2023-01-16 05:00:00,15.571315458017349,50.291740784976724,1010.8571047183176
2023-01-16 06:00:00,15.64648049917436,50.23449429648151,1012.3787957547283
2023-01-16 07:00:00,15.725950543465366,50.18342826477942,1008.0401467152436
2023-01-16 08:00:00,15.809647006473865,50.138575008872884,1012.6717492162675
2023-01-16 09:00:00,15.89748712446456,50.09996291578236,1013.406684824685
2023-01-16 10:00:00,15.989384036224779,50.06761642258057,1010.2974588553668
2023-01-16 11:00:00,16.08524686895768,50.041556000926604,1015.7346209025922
2023-01-16 12:00:00,16.184980828142358,50.021798144109695,1011.6453384016116
2023-01-16 13:00:00,16.28848729127195,50.00835535661082,1014.6236094375661
2023-01-16 14:00:00,16.39566390537707,50.001236146188816,1015.9156234846268
2023-01-16 15:00:00,16.50640468823816,50.00044501849589,1017.3427395929361
2023-01-16 16:00:00,16.620600133186603,50.00598247422609,1014.0610163426147
2023-01-16 17:00:00,16.738137317391043,50.01784500879839,1006.7685849034829
2023-01-16 18:00:00,16.85890001352178,50.036025114574734,1019.6326369482674
2023-01-16 19:00:00,16.982768804682863,50.060511285611476,1016.6546412194593
2023-01-16 20:00:00,17.10962120249814,50.09128802494136,1010.377284931766
2023-01-16 21:00:00,17.239331768234642,50.12833585438134,1016.5501685484683
2023-01-16 22:00:00,17.37177223684339,50.17163132686005,1009.3508857091704
2023-01-16 23:00:00,17.50681164379504,50.22114704125715,1016.0391036038112
2023-01-17 00:00:00,17.64431645458491,50.276851659745105,1012.1706986546327
2023-01-17 01:00:00,17.78415069677936,50.33870992762252,1010.7365619683756
2023-01-17 02:00:00,17.926176094472957,50.406682695626294,1012.6404865560932
2023-01-17 03:00:00,18.07025220502335,50.48072694470873,1013.0613174070473
2023-01-17 04:00:00,18.216236557928838,50.56079581326367,1012.3237299407173
2023-01-17 05:00:00,18.363984795711136,50.646838626784564,1007.0718511476554
2023-01-17 06:00:00,18.513350816664136,50.738800929935735,1015.9119048217518
2023-01-17 07:00:00,18.664186919327385,50.83662452101637,1014.6532775443543
2023-01-17 08:00:00,18.816343948541594,50.9402474887956,1009.1985158213922
2023-01-17 09:00:00,18.96967144294153,51.04960425169532,1012.2317331696875
2023-01-17 10:00:00,19.124017783740648,51.164625599295846,1006.4951484274922
2023-01-17 11:00:00,19.279230344660203,51.28523873613827,1011.0452938659664
2023-01-17 12:00:00,19.43515564285463,51.41136732779574,1007.8671391334698
2023-01-17 13:00:00,19.591639490683963,51.54293154918443,1014.220482446925
2023-01-17 14:00:00,19.748527148183157,51.67984813508386,1016.8595500992369
2023-01-17 15:00:00,19.905663476077656,51.82203043283421,1011.7963519565703
2023-01-17 16:00:00,20.062893089193697,51.969388457177736,1014.6187168642799
2023-01-17 17:00:00,20.220060510111903,52.121828947209124,1011.8445913329723
2023-01-17 18:00:00,20.377010322912003,52.27925542539913,1011.6052418890204
2023-01-17 19:00:00,20.533587326856793,52.44156825865387,1016.2607632275141
2023-01-17 20:00:00,20.689636689863256,52.608664721371284,1016.3448595514412
2023-01-17 21:00:00,20.845004101609234,52.78043906045475,1011.6961814232845
2023-01-17 22:00:00,20.999535926124015,52.956782562242836,1019.8231698376584
2023-01-17 23:00:00,21.153079353712194,53.13758362131266,1012.6415156960974
2023-01-18 00:00:00,21.305482552060436,53.32272781111351,1011.2030021871941
2023-01-18 01:00:00,21.45659481637773,53.51209795638582,1016.3410713182083
2023-01-18 02:00:00,21.606266718420716,53.705574207319835,1012.6587795966584
2023-01-18 03:00:00,21.754350254256643,53.90303411540692,1012.5448908212168
2023-01-18 04:00:00,21.900698990617975,54.10435271093559,1009.6399964979292
2023-01-18 05:00:00,22.04516820970372,54.30940258208315,1016.0204382333873
2023-01-18 06:00:00,22.187615052284517,54.51805395555289,1007.6755977863
2023-01-18 07:00:00,22.32789865896978,54.73017477870589,1014.4829363655688
2023-01-18 08:00:00,22.46588030949737,54.94563080313534,1008.8117051571368
2023-01-18 09:00:00,22.601423559907886,55.16428566963055,1011.4259812876581
2023-01-18 10:00:00,22.734394377468128,55.386000994476824,1012.427671137666
2023-01-18 11:00:00,22.864661273210093,55.61063645703669,1013.8789413514861
2023-01-18 12:00:00,22.992095431954628,55.83804988855692,1015.498769855742
2023-01-18 13:00:00,23.11657083969108,56.0680973621452,1016.4377900894308
2023-01-18 14:00:00,23.23796440818697,56.300633283859554,1009.788351258935
2023-01-18 15:00:00,23.35615609670451,56.53551048485275,1006.7663714264057
2023-01-18 16:00:00,23.471029030703605,56.7725803145135,1013.610953131094
2023-01-18 17:00:00,23.58246961741391,57.011692734545385,1012.8322527903756
2023-01-18 18:00:00,23.69036765816169,57.252696413924156,1008.8682084650628
2023-01-18 19:00:00,23.79461645734044,57.495438824672995,1014.8328597563299
2023-01-18 20:00:00,23.895112927917452,57.73976633839549,1016.6842795244219
2023-01-18 21:00:00,23.991757693372026,57.98552432350495,1011.8186714144023
2023-01-18 22:00:00,24.084455185964522,58.23255724308858,1015.9210163217352
2023-01-18 23:00:00,24.17311374123908,58.480708753344835,1013.5381342082449
2023-01-19 00:00:00,24.257645688666553,58.729821802531205,1013.6947691692185
2023-01-19 01:00:00,24.337967438338005,58.979738730360154,1015.1295894117831
2023-01-19 02:00:00,24.413999563623094,59.23030136778019,1009.4103106763789
2023-01-19 03:00:00,24.48566687971157,59.48135113707898,1014.1832157165563
2023-01-19 04:00:00,24.552898517960177,59.732729152244936,1010.9061837016559
2023-01-19 05:00:00,24.615627995971558,59.98427631952414,1014.2923114509889
2023-01-19 06:00:00,24.67379328333575,60.23583343810856,1012.1624698786615
2023-01-19 07:00:00,24.727336862969317,60.4872413008921,1009.1919948081689
2023-01-19 08:00:00,24.776205787991433,60.7383407952307,1011.7497334679965
2023-01-19 09:00:00,24.820351734080752,60.98897300364248,1014.5899483090276
2023-01-19 10:00:00,24.859731047261167,61.23897930438455,1009.7815972887435
2023-01-19 11:00:00,24.894304787069306,61.48820147184249,1017.7160265814375
2023-01-19 12:00:00,24.924038765061038,61.736481776669294,1013.0962162754541
2023-01-19 13:00:00,24.948903578618918,61.98366308561012,1010.6132548135577
2023-01-19 14:00:00,24.96887464002712,62.22958896094976,1013.8010052576199
2023-01-19 15:00:00,24.98393220078517,62.47410375952001,1007.7155076235938
2023-01-19 16:00:00,24.994061371136347,62.71705273120411,1013.5986760016783
2023-01-19 17:00:00,24.9992521347915,62.95828211687601,1008.546235333097
2023-01-19 18:00:00,24.999499358833745,63.19763924571244,1016.245771157318
2023-01-19 19:00:00,24.994802798794137,63.434972631816215,1020.4920523567021
2023-01-19 20:00:00,24.985167098893452,63.670132070089636,1014.9860906404083
2023-01-19 21:00:00,24.970601787449695,63.902968731297236,1010.083197187458
2023-01-19 22:00:00,24.951121267455996,64.13333525625782,1013.07720724934
2023-01-19 23:00:00,24.926744802338085,64.3610858491061,1017.1109860548216
2023-01-20 00:00:00,24.897496496905582,64.5860763695649,1010.6868560478879
2023-01-20 01:00:00,24.863405273515802,64.80816442416965,1014.1746145988018
2023-01-20 02:00:00,24.824504843473697,65.02720945638721,1012.0068734374682
2023-01-20 03:00:00,24.780833673696257,65.2430728355723,1017.406533841091
2023-01-20 04:00:00,24.732434948674264,65.45561794470491,1011.6183687903359
2023-01-20 05:00:00,24.679356527769063,65.66471026685333,1013.6328165467522
2023-01-20 06:00:00,24.621650897886543,65.87021747030818,1016.3119286244254
2023-01-20 07:00:00,24.559375121575172,66.07200949233331,1011.3424698811936
2023-01-20 08:00:00,24.49259078059934,66.26995862148077,1012.7872681233827
2023-01-20 09:00:00,24.421363915043894,66.46393957841768,1010.0199771773064
2023-01-20 10:00:00,24.345764958009998,66.65382959521378,1013.0385894981853
2023-01-20 11:00:00,24.26586866596697,66.83950849303965,1016.8711219383401
2023-01-20 12:00:00,24.181754044828885,67.02085875822623,1014.2670333846542
2023-01-20 13:00:00,24.093504271829143,67.19776561663762,1017.0931042601549
2023-01-20 14:00:00,24.001206613270167,67.3701171063102,1013.0402655997293
2023-01-20 15:00:00,23.90495233822959,67.5378041483117,1007.100625832669
2023-01-20 16:00:00,23.804836628308344,67.70072061577581,1008.576734012932
2023-01-20 17:00:00,23.700958483509723,67.85876340106854,1011.2430242585195
2023-01-20 18:00:00,23.593420624342695,68.01183248104357,1013.8799722336787
2023-01-20 19:00:00,23.48232939024611,68.15983098034553,1011.5965129291386
2023-01-20 20:00:00,23.36779463443434,68.3026652327212,1013.9372124379329
2023-01-20 21:00:00,23.249929615268243,68.4402448402995,1013.0493747128637
2023-01-20 22:00:00,23.128850884259037,68.57248273080316,1012.9781727517013
2023-01-20 23:00:00,23.004678170815623,68.69929521265558,1011.1441421452236
2023-01-21 00:00:00,22.877534263849455,68.82060202794811,1012.6970391753376
2023-01-21 01:00:00,22.747544890354035,68.93632640323412,1012.0510174363609
2023-01-21 02:00:00,22.614838591079018,69.04639509811798,1010.6806118377631
2023-01-21 03:00:00,22.479546593421958,69.15073845160785,1014.0676554891658
2023-01-21 04:00:00,22.34180268166331,69.24929042620325,1008.5632484678872
2023-01-21 05:00:00,22.201743064673103,69.3419886496892,1007.5166687520698
2023-01-21 06:00:00,22.05950624121997,69.42877445461085,1009.8512448059521
2023-01-21 07:00:00,21.915232863015845,69.50959291540325,1012.6629271566173
2023-01-21 08:00:00,21.769065595631698,69.58439288315309,1009.8834059438663
2023-01-21 09:00:00,21.621148977421857,69.65312701797004,1017.2917714891391
2023-01-21 10:00:00,21.47162927659642,69.7157518189476,1013.0757919408293
2023-01-21 11:00:00,21.32065434658304,69.77222765169425,1012.9644473476941
2023-01-21 12:00:00,21.16837347982127,69.82251877341747,1014.634934115405
2023-01-21 13:00:00,21.014937260133813,69.86659335554492,1008.0619051775352
2023-01-21 14:00:00,20.860497413820852,69.90442350386824,1014.9906676889931
2023-01-21 15:00:00,20.7052066596246,69.93598527619703,1006.9074539177047
2023-01-21 16:00:00,20.54921855771251,69.96125869751143,1010.0856096391864
2023-01-21 17:00:00,20.392687357828358,69.98022777260411,1011.2460518805137
2023-01-21 18:00:00,20.235767846761537,69.9928804962034,1012.9903596309133
2023-01-21 19:00:00,20.078615195285213,69.99920886057126,1017.5385602349659
2023-01-21 20:00:00,34.921384804714805,69.99920886057126,1011.463061978714
2023-01-21 21:00:00,34.76423215323848,69.9928804962034,1018.2426022205129
2023-01-21 22:00:00,34.60731264217166,69.98022777260411,1015.5131940690649
2023-01-21 23:00:00,34.45078144228751,69.96125869751143,1012.5526029149697
2023-01-22 00:00:00,34.29479334037541,69.93598527619703,1009.9805347006746
2023-01-22 01:00:00,34.13950258617916,69.90442350386824,1013.5617732943358
2023-01-22 02:00:00,33.9850627398662,69.86659335554492,1013.2938699332208
2023-01-22 03:00:00,33.831626520178744,69.82251877341749,1015.4015339231878
2023-01-22 04:00:00,33.67934565341697,69.77222765169425,1010.8700307836165
2023-01-22 05:00:00,33.5283707234036,69.71575181894761,1011.742945174504
2023-01-22 06:00:00,18.378851022578157,69.65312701797004,1014.4316269582026
2023-01-22 07:00:00,18.23093440436831,69.58439288315309,1010.5362155046656
2023-01-22 08:00:00,18.08476713698417,69.50959291540326,1011.2570722186368
2023-01-22 09:00:00,17.94049375878005,69.42877445461085,1012.9736545883716
2023-01-22 10:00:00,17.798256935326908,69.3419886496892,1012.1552068897875
2023-01-22 11:00:00,17.65819731833671,69.24929042620326,1008.1600139801178
2023-01-22 12:00:00,17.520453406578056,69.15073845160786,1008.2833783068411
2023-01-22 13:00:00,17.385161408920997,69.04639509811798,1014.9692145779206
2023-01-22 14:00:00,17.25245510964597,68.93632640323413,1019.0963552997302
2023-01-22 15:00:00,17.122465736150556,68.82060202794811,1013.0428865347593
2023-01-22 16:00:00,16.995321829184398,68.6992952126556,1013.6599760501707
2023-01-22 17:00:00,16.871149115740977,68.57248273080317,1013.3812306854694
2023-01-22 18:00:00,16.750070384731778,68.44024484029951,1012.4666496327845
2023-01-22 19:00:00,16.632205365565675,68.30266523272121,1018.1619148056097
2023-01-22 20:00:00,16.5176706097539,68.15983098034556,1009.4218549369579
2023-01-22 21:00:00,16.40657937565731,68.01183248104358,1017.1532586517185
2023-01-22 22:00:00,16.299041516490288,67.85876340106856,1016.4770097687539
2023-01-22 23:00:00,16.19516337169167,67.70072061577582,1022.666803952814
2023-01-23 00:00:00,16.095047661770415,67.53780414831171,1018.1254687342425
2023-01-23 01:00:00,15.998793386729847,67.37011710631023,1013.0884028904741
2023-01-23 02:00:00,15.90649572817086,67.19776561663765,1013.8829792509545
2023-01-23 03:00:00,15.818245955171125,67.02085875822624,1006.312512015665
2023-01-23 04:00:00,15.734131334033044,66.83950849303966,1015.0457683475868
2023-01-23 05:00:00,15.65423504199001,66.6538295952138,1012.0305788786728
2023-01-23 06:00:00,15.578636084956118,66.4639395784177,1008.7220994021849
2023-01-23 07:00:00,15.507409219400666,66.2699586214808,1012.2963006431926
2023-01-23 08:00:00,15.440624878424837,66.07200949233332,1011.2199724764371
2023-01-23 09:00:00,15.378349102113459,65.8702174703082,1013.7361415429131
2023-01-23 10:00:00,15.320643472230943,65.66471026685335,1015.7949690233197
2023-01-23 11:00:00,15.267565051325743,65.45561794470493,1008.5932464682559
2023-01-23 12:00:00,15.219166326303746,65.24307283557233,1009.9741121481078
2023-01-23 13:00:00,15.175495156526308,65.02720945638724,1014.7551459238464
2023-01-23 14:00:00,15.136594726484201,64.80816442416966,1010.0551329510007
2023-01-23 15:00:00,15.10250350309442,64.58607636956492,1012.7869274347831
2023-01-23 16:00:00,15.073255197661918,64.36108584910613,1014.5744799434955
2023-01-23 17:00:00,15.048878732544008,64.13333525625785,1013.308972779187
2023-01-23 18:00:00,15.029398212550305,63.902968731297264,1017.581997807624
2023-01-23 19:00:00,15.01483290110655,63.670132070089664,1014.56243888953
2023-01-23 20:00:00,15.005197201205863,63.434972631816244,1014.2141952205175
2023-01-23 21:00:00,15.000500641166255,63.197639245712466,1014.5114899114161
2023-01-23 22:00:00,15.000747865208497,62.958282116876035,1013.205292616442
2023-01-23 23:00:00,15.005938628863653,62.71705273120414,1012.1267338746691
2023-01-24 00:00:00,15.016067799214827,62.47410375952004,1011.621581222546
2023-01-24 01:00:00,15.031125359972878,62.22958896094979,1016.0456755746825
2023-01-24 02:00:00,15.051096421381082,61.98366308561015,1018.6915968932357
2023-01-24 03:00:00,15.075961234938958,61.73648177666932,1016.4106245970186
2023-01-24 04:00:00,15.105695212930693,61.488201471842515,1012.2479069450166
2023-01-24 05:00:00,15.140268952738829,61.23897930438456,1016.1349424477856
2023-01-24 06:00:00,15.17964826591924,60.988973003642506,1013.7864214674777
2023-01-24 07:00:00,15.223794212008563,60.73834079523073,1016.5190080193993
2023-01-24 08:00:00,15.272663137030678,60.48724130089213,1014.8866567769877
2023-01-24 09:00:00,15.326206716664242,60.23583343810858,1012.5383378669891
2023-01-24 10:00:00,15.384372004028434,59.98427631952417,1010.7025112672944
2023-01-24 11:00:00,15.447101482039821,59.732729152244964,1011.1784706286631
2023-01-24 12:00:00,15.514333120288425,59.481351137079,1009.9097251817484
2023-01-24 13:00:00,15.586000436376892,59.23030136778022,1017.1361994746942
2023-01-24 14:00:00,15.66203256166199,58.979738730360175,1012.5805354270834
2023-01-24 15:00:00,15.742354311333436,58.729821802531234,1009.384255573774
2023-01-24 16:00:00,15.826886258760911,58.480708753344864,1005.8261312898547
2023-01-24 17:00:00,15.915544814035467,58.23255724308861,1012.1141861318991
2023-01-24 18:00:00,16.00824230662797,57.985524323504954,1013.5291777083241
2023-01-24 19:00:00,16.104887072082537,57.73976633839552,1015.318024755262
2023-01-24 20:00:00,16.205383542659543,57.49543882467302,1014.2567289098861
2023-01-24 21:00:00,16.309632341838302,57.252696413924184,1011.8139281976041
2023-01-24 22:00:00,16.417530382586072,57.01169273454541,1020.0570523327445
2023-01-24 23:00:00,16.528970969296385,56.77258031451352,1016.217291683819
2023-01-25 00:00:00,16.643843903295476,56.53551048485278,1013.5382271593993
2023-01-25 01:00:00,16.762035591813028,56.30063328385958,1015.1759998161041
2023-01-25 02:00:00,16.88342916030891,56.068097362145224,1014.3677894357266
2023-01-25 03:00:00,17.00790456804535,55.83804988855694,1010.4827470659192
2023-01-25 04:00:00,17.135338726789897,55.61063645703671,1010.3998111257978
2023-01-25 05:00:00,17.26560562253185,55.386000994476845,1016.5353087298483
2023-01-25 06:00:00,17.398576440092103,55.16428566963058,1011.958740186118
2023-01-25 07:00:00,17.534119690502617,54.94563080313536,1012.859757053397
2023-01-25 08:00:00,17.672101341030213,54.73017477870591,1018.3902348890174
2023-01-25 09:00:00,17.812384947715472,54.51805395555291,1011.684951180008
2023-01-25 10:00:00,17.954831790296254,54.30940258208317,1011.2010706304549
2023-01-25 11:00:00,18.09930100938201,54.104352710935615,1013.6693105379238
2023-01-25 12:00:00,18.245649745743336,53.90303411540694,1015.3502514966696
2023-01-25 13:00:00,18.39373328157928,53.705574207319856,1016.0069034378505
2023-01-25 14:00:00,18.543405183622255,53.512097956385844,1010.694030610955
2023-01-25 15:00:00,18.69451744793954,53.32272781111353,1013.9007669438888
2023-01-25 16:00:00,18.846920646287792,53.13758362131268,1013.1626648414803
2023-01-25 17:00:00,19.00046407387596,52.95678256224285,1014.632871512911
2023-01-25 18:00:00,19.154995898390748,52.78043906045477,1011.355307790533
2023-01-25 19:00:00,19.31036331013672,52.608664721371305,1012.7922069134396
2023-01-25 20:00:00,19.466412673143203,52.44156825865389,1016.0993951696876
2023-01-25 21:00:00,19.622989677087983,52.27925542539914,1010.9110523858366
2023-01-25 22:00:00,19.779939489888072,52.12182894720914,1008.9416405162257
2023-01-25 23:00:00,19.937106910806285,51.96938845717775,1009.3843785627878
2023-01-26 00:00:00,20.09433652392232,51.82203043283423,1011.747218351851
2023-01-26 01:00:00,20.251472851816825,51.67984813508387,1013.7335074949011
2023-01-26 02:00:00,20.408360509316022,51.542931549184445,1010.182017740547
2023-01-26 03:00:00,20.56484435714536,51.411367327795745,1013.1363314441792
2023-01-26 04:00:00,20.720769655339783,51.28523873613828,1011.216925045673
2023-01-26 05:00:00,20.875982216259327,51.16462559929586,1013.6284251842378
2023-01-26 06:00:00,21.030328557058457,51.04960425169533,1012.9872075865068
2023-01-26 07:00:00,21.183656051458385,50.94024748879561,1012.5318851215494
2023-01-26 08:00:00,21.3358130806726,50.836624521016375,1011.6512796459793
2023-01-26 09:00:00,21.48664918333585,50.73880092993574,1013.285839978206
2023-01-26 10:00:00,21.636015204288856,50.64683862678457,1009.7736709048867
2023-01-26 11:00:00,21.783763442071148,50.560795813263674,1013.8239502983149
2023-01-26 12:00:00,21.929747794976628,50.480726944708735,1012.1906816300842
2023-01-26 13:00:00,22.07382390552703,50.4066826956263,1016.519639889573
2023-01-26 14:00:00,22.21584930322062,50.338709927622524,1010.3706135137041
2023-01-26 15:00:00,22.355683545415086,50.27685165974511,1014.2622589837207
2023-01-26 16:00:00,22.493188356204946,50.221147041257154,1012.5782154394226
2023-01-26 17:00:00,22.628227763156602,50.17163132686005,1011.8706292801651
2023-01-26 18:00:00,22.760668231765344,50.12833585438135,1010.703625494527
2023-01-26 19:00:00,22.89037879750184,50.09128802494136,1010.4093193578818
2023-01-26 20:00:00,23.017231195317127,50.06051128561148,1018.6759428316352
2023-01-26 21:00:00,23.141099986478203,50.036025114574734,1013.3883819227515
2023-01-26 22:00:00,23.261862682608953,50.01784500879839,1012.9546011223183
2023-01-26 23:00:00,23.379399866813387,50.00598247422609,1010.5872640563425
2023-01-27 00:00:00,23.493595311761823,50.00044501849589,1017.0256157210848
2023-01-27 01:00:00,23.60433609462292,50.001236146188816,1003.6789505853073
2023-01-27 02:00:00,23.711512708728037,50.00835535661082,1016.1025524324867
2023-01-27 03:00:00,23.81501917185763,50.021798144109695,1014.7170243549604
2023-01-27 04:00:00,23.914753131042307,50.041556000926604,1013.895084285001
2023-01-27 05:00:00,24.010615963775216,50.06761642258057,1016.3459552977213
2023-01-27 06:00:00,24.10251287553543,50.099962915782356,1012.6426290845544
2023-01-27 07:00:00,24.190352993526123,50.138575008872884,1016.9125373629074
2023-01-27 08:00:00,24.274049456534627,50.183428264779415,1014.2551127891245
2023-01-27 09:00:00,24.35351950082563,50.2344942964815,1013.7982366799745
2023-01-27 10:00:00,24.428684541982644,50.291740784976724,1018.0451899409172
2023-01-27 11:00:00,24.499470252616586,50.355131499734924,1015.6193986288853
2023-01-27 12:00:00,24.565806635864917,50.42462632162809,1009.9459658875312
2023-01-27 13:00:00,24.627628094608387,50.50018126832112,1009.2593003981426
2023-01-27 14:00:00,24.684873496337183,50.581748522107745,1009.7268602240774
2023-01-27 15:00:00,24.737486233602148,50.66927646017361,1013.0601127093931
2023-01-27 16:00:00,24.78541427999135,50.762709687267765,1008.1685653539416
2023-01-27 17:00:00,24.828610241576772,50.86198907076147,1019.6860687506372
2023-01-27 18:00:00,24.86703140378001,50.96705177807247,1011.8269312695684
2023-01-27 19:00:00,24.900639773610884,51.07783131643096,1012.7990307117706
2023-01-27 20:00:00,24.929402117236975,51.19425757496184,1006.6780197993605
2023-01-27 21:00:00,24.953289992847157,51.31625686905707,1008.9672582924189
2023-01-27 22:00:00,24.97227977877639,51.44375198700952,1009.4656698481425
2023-01-27 23:00:00,24.986352696864163,51.57666223887938,1013.0556462244007
2023-01-28 00:00:00,24.995494831023407,51.71490350756156,1014.4897842136608
2023-01-28 01:00:00,24.99969714100147,51.85838830202246,1009.9281040698725
2023-01-28 02:00:00,24.998955471319633,52.00702581267168,1012.6249108210927
2023-01-28 03:00:00,24.99327055538228,52.16072196883434,1010.4425144931163
2023-01-28 04:00:00,24.982648014751685,52.319379498286985,1014.6410094654238
2023-01-28 05:00:00,24.967098353589055,52.482897988820056,1015.8193287601478
2023-01-28 06:00:00,24.946636948267468,52.65117395178724,1012.7161201948326
2023-01-28 07:00:00,24.921284032166845,52.82410088760211,1010.6683085661646
2023-01-28 08:00:00,24.891064675666044,53.00156935314035,1018.3399217403869
2023-01-28 09:00:00,24.856008761351887,53.18346703100465,1012.7694104469202
2023-01-28 10:00:00,24.816150954469563,53.36967880060913,1012.2730970629779
2023-01-28 11:00:00,24.77153066864375,53.560086811037294,1020.7742909233259
2023-01-28 12:00:00,24.722192026904146,53.754570555628604,1015.3543240314849
2023-01-28 13:00:00,24.668183818054235,53.953006948245225,1012.1341683529901
2023-01-28 14:00:00,24.609559448426126,54.15527040117184,1011.0816679008881
2023-01-28 15:00:00,24.546376889069446,54.3612329045982,1011.4343896537758
2023-01-28 16:00:00,24.478698618426286,54.57076410763499,1013.643569402622
2023-01-28 17:00:00,24.40659156054904,54.78373140081099,1013.0188455171319
2023-01-28 18:00:00,24.3301270189222,54.999999999999986,1010.9518043517007
2023-01-28 19:00:00,24.249380605953434,55.21943303172364,1011.49537384702
2023-01-28 20:00:00,24.164432168203874,55.44189161977697,1014.1476011306315
2023-01-28 21:00:00,24.075365707431313,55.66723497312131,1015.3365611145806
2023-01-28 22:00:00,23.982269297524653,55.895320474988836,1011.4273076686276
2023-01-28 23:00:00,23.88523499741145,56.12600377314306,1017.8289342103648
2023-01-29 00:00:00,23.784358760024965,56.359138871237136,1012.5970037139601
2023-01-29 01:00:00,23.679740337420526,56.594578221213254,1009.3107220800944
2023-01-29 02:00:00,23.571483182135108,56.832172816683546,1016.2286044017378
2023-01-29 03:00:00,23.45969434488774,57.07177228723448,1012.3425997591419
2023-01-29 04:00:00,23.3444843687217,57.31322499359403,1011.6368000290832
2023-01-29 05:00:00,23.225967179693473,57.556378123602315,1014.2266286644506
2023-01-29 06:00:00,23.104259974216234,57.80107778892419,1015.1207169976192
2023-01-29 07:00:00,22.979483103169493,58.04716912244328,1007.8639713163128
2023-01-29 08:00:00,22.85175995288952,58.2944963762751,1013.0835874506838
2023-01-29 09:00:00,22.7212168231579,58.54290302033787,1015.9690692375261
2023-01-29 10:00:00,22.5879828023094,58.792231841418385,1012.018799254797
2023-01-29 11:00:00,22.45218963958212,59.04232504266994,1012.7406210891538
2023-01-29 12:00:00,22.313971614836504,59.29302434348004,1018.9728455679438
2023-01-29 13:00:00,22.173465405771992,59.54417107964386,1012.3388610417062
2023-01-29 14:00:00,22.03080995277237,59.79560630378087,1015.9785808561805
2023-01-29 15:00:00,21.886146321513863,60.04717088593029,1009.5379884933872
2023-01-29 16:00:00,21.739617563471423,60.298705614262516,1014.4884637478956
2023-01-29 17:00:00,21.591368574461555,60.5500512958419,1013.0837465219751
2023-01-29 18:00:00,21.441545951361128,60.801048857378056,1012.0565587108663
2023-01-29 19:00:00,21.29029784714426,61.05153944590095,1009.9430478114044
2023-01-29 20:00:00,21.137773824380428,61.30136452929706,1015.2697328851076
2023-01-29 21:00:00,20.984124707338534,61.55036599664197,1015.163402982192
2023-01-29 22:00:00,20.82950243284358,61.798386258266774,1009.938891860464
2023-01-29 23:00:00,20.674059900032926,62.045268345494506,1011.3883319647518
2023-01-30 00:00:00,20.517950819161207,62.29085600998327,1013.943804783481
2023-01-30 01:00:00,20.361329559602954,62.53499382261404,1016.2776545435105
2023-01-30 02:00:00,20.204350997203566,62.77752727185928,1002.3209020278363
2023-01-30 03:00:00,20.0471703611295,63.018302861571556,1006.5944889575571
2023-01-30 04:00:00,19.88994308036887,23.257168208128874,1009.1633788839428
2023-01-30 05:00:00,19.732824630034727,23.493972136876494,1014.0970776542357
2023-01-30 06:00:00,19.575970377622458,23.728564777803058,1013.2474977242196
2023-01-30 07:00:00,19.41953542937386,23.96079766039155,1015.6504195095363
2023-01-30 08:00:00,19.26367447689931,24.1905238075841,1012.2489916503025
2023-01-30 09:00:00,19.108541644210128,24.417597828801817,1011.3631231968614
2023-01-30 10:00:00,18.95429033531218,24.64187601196066,1008.7244742519827
2023-01-30 11:00:00,18.801073082511326,24.86321641442464,1011.0467435032142
2023-01-30 12:00:00,18.6490413955811,25.08147895283969,1015.1885762699962
2023-01-30 13:00:00,18.498345611941268,25.296525491790177,1016.7056210737056
2023-01-30 14:00:00,18.349134747995826,65.50821993122334,1014.3035268450103
2023-01-30 15:00:00,18.201556351777338,65.71642829258477,1006.9694712076862
2023-01-30 16:00:00,18.05575635704307,65.921018803612,1011.9671395373052
2023-01-30 17:00:00,17.91187893896768,66.12186198173112,1013.2679184477578
2023-01-30 18:00:00,17.770066371574625,66.31883071600471,1009.9057782289702
2023-01-30 19:00:00,17.630458887047794,66.51180034757853,1013.9014445474846
2023-01-30 20:00:00,17.49319453706199,66.70064874857655,1015.6252668190972
2023-01-30 21:00:00,17.35840905626975,66.88525639939392,1012.7674926133027
2023-01-30 22:00:00,17.22623572807943,67.06550646433931,1008.2896862123611
2023-01-30 23:00:00,17.096805252856978,67.24128486557879,1012.9897057332761
2023-01-31 00:00:00,16.97024561868227,67.41248035533398,1013.929909685933
2023-01-31 01:00:00,16.846681974787217,67.57898458628941,1012.2265310846219
2023-01-31 02:00:00,16.726236507801335,67.74069218016389,1019.4710378601378
2023-01-31 03:00:00,16.609028320926683,67.89750079440326,1011.8986255365676
2023-01-31 04:00:00,16.49517331616202,68.04931118695133,1010.3749103081035
2023-01-31 05:00:00,16.384784079692466,68.19602727905911,1013.2488583551662
2023-01-31 06:00:00,16.27796977055791,68.3375562160915,1011.2151197548174
2023-01-31 07:00:00,16.17483601271056,68.47380842629396,1016.8275198740733
2023-01-31 08:00:00,16.07548479056798,68.60469767748106,1015.7326422580633
2023-01-31 09:00:00,15.980014348165305,68.73014113161187,1011.6007777172262
2023-01-31 10:00:00,15.888519092005964,68.85005939721687,1010.29974431433
2023-01-31 11:00:00,15.801089497707306,68.96437657964381,1013.2431465543431
2023-01-31 12:00:00,15.717812020533279,69.07302032909044,1017.7328844335468
2023-01-31 13:00:00,15.638769009902571,69.17592188639365,1013.6690813760706
2023-01-31 14:00:00,15.564038627956986,69.27301612654632,1011.9100523499162
2023-01-31 15:00:00,15.493694772270278,69.36424159991391,1012.500294759825
2023-01-31 16:00:00,15.427807002774177,69.44954057112528,1017.2401067564865
2023-01-31 17:00:00,15.366440472973583,69.52885905561246,1009.7989177870106
2023-01-31 18:00:00,15.309655865519174,69.60214685377689,1011.0966963805109
2023-01-31 19:00:00,15.257509332201028,69.66935758275997,1012.6254478545247
2023-01-31 20:00:00,15.210052438422558,69.73044870579824,1011.9000817940121
2023-01-31 21:00:00,15.167332112209795,69.78538155914418,1015.349749758771
2023-01-31 22:00:00,15.129390597806324,69.83412137653619,1014.1240740954788
2023-01-31 23:00:00,15.096265413899804,69.87663731120143,1008.8820278812143
2023-02-01 00:00:00,15.06798931652143,69.91290245537856,1016.6745276209791
2023-02-01 01:00:00,15.044590266654904,69.94289385734713,1010.5752305727652
2023-02-01 02:00:00,15.026091402587074,69.96659253595352,1015.1395168874743
2023-02-01 03:00:00,15.012511017027503,69.98398349262384,1013.3891862786737
2023-02-01 04:00:00,15.003862539019604,69.99505572085621,1012.8784810459344
2023-02-01 05:00:00,15.000154520661265,69.99980221318683,1016.8775542708834
2023-02-01 06:00:00,15.001390628648057,69.99821996562473,1014.1060033962258
2023-02-01 07:00:00,15.007569640647386,69.99030997955305,1014.8330000359678
2023-02-01 08:00:00,15.018685446507227,69.97607726109523,1010.9187785534307
2023-02-01 09:00:00,15.034727054298159,69.95553081794675,1017.2844945249899
2023-02-01 10:00:00,15.055678601182821,69.92868365367424,1009.371088424727
2023-02-01 11:00:00,15.081519369101947,69.89555275948572,1014.1016231216184
2023-02-01 12:00:00,15.112223805261564,69.85615910347708,1015.0288606334944
2023-02-01 13:00:00,15.147761547401013,69.81052761736169,1013.4165029267815
2023-02-01 14:00:00,15.188097453816827,69.75868718069137,1007.2265927021504
2023-02-01 15:00:00,15.233191638112851,69.70067060257901,1013.8319198289809
2023-02-01 16:00:00,15.282999508642089,69.63651460093409,1012.3440786654185
2023-02-01 17:00:00,15.33747181260146,69.56625977922438,1017.5598252759657
2023-02-01 18:00:00,15.39655468473568,69.4899506007786,1013.8837134817793
2023-02-01 19:00:00,15.46018970060226,69.40763536064613,1010.7004426888435
2023-02-01 20:00:00,15.52831393434486,69.31936615503174,1008.2920227189428
2023-02-01 21:00:00,15.600860020917846,69.2251988483247,1015.3401196863574
2023-02-01 22:00:00,15.677756222700673,69.12519303774278,1010.3635264444403
2023-02-01 23:00:00,15.75892650043598,69.01941201561411,1014.8823736205377
2023-02-02 00:00:00,15.84429058842153,68.90792272932029,1013.2565516420734
2023-02-02 01:00:00,15.933764073881328,68.79079573892629,1020.2016359248784
2023-02-02 02:00:00,16.02725848043777,68.66810517252394,1011.1195926016516
2023-02-02 03:00:00,16.124681355601986,68.53992867931721,1016.6827907940104
2023-02-02 04:00:00,16.225936362195995,68.40634738047919,1014.5530311817066
2023-02-02 05:00:00,16.330923373616358,68.26744581781148,1015.9011037680885
2023-02-02 06:00:00,16.439538572844864,68.12331190023887,1015.8715993908721
2023-02-02 07:00:00,16.551674555108676,67.974036848173,1013.3148206418184
2023-02-02 08:00:00,16.667220434088133,67.81971513578014,1014.5583129079444
2023-02-02 09:00:00,16.78606195156729,67.66044443118979,1015.7370752765137
2023-02-02 10:00:00,16.908081590418917,67.49632553468184,1010.8656683488082
2023-02-02 11:00:00,17.033158690811884,67.3274623148914,1014.8980289264164
2023-02-02 12:00:00,17.161169569526457,67.15396164307185,1013.9156550014948
2023-02-02 13:00:00,17.291987642259038,66.97593332545725,1016.8569392408933
2023-02-02 14:00:00,17.425483548795917,66.7934900337677,1013.3134019721368
2023-02-02 15:00:00,17.561525280931818,66.60674723390083,1011.535992378951
2023-02-02 16:00:00,17.69997831300693,66.4158231128549,1016.8817017028757
2023-02-02 17:00:00,17.840705734933508,66.22083850392998,1007.9352102108398
2023-02-02 18:00:00,17.98356838758008,66.0219168102541,1017.4671770422922
2023-02-02 19:00:00,18.128425000379902,65.81918392668318,1013.7268828269019
2023-02-02 20:00:00,18.275132331027034,65.61276816012366,1015.4950494838731
2023-02-02 21:00:00,18.423545307122467,65.40280014832909,1011.6844230678183
2023-02-02 22:00:00,18.573517169629742,65.18941277722097,1009.6238801724796
2023-02-02 23:00:00,18.72489961799843,64.97274109678727,1012.3376802371536
2023-02-03 00:00:00,18.87754295681213,64.75292223561091,1018.0773517260978
2023-02-03 01:00:00,19.031296243815497,64.53009531408317,1016.1128855409074
2023-02-03 02:00:00,19.186007439174524,64.304401356356,1019.1996696664316
2023-02-03 03:00:00,19.34152355582187,64.07598320108997,1014.5549207452065
2023-02-03 04:00:00,19.49769081073914,63.844985411053514,1013.8754510422068
2023-02-03 05:00:00,19.654354777026068,63.61155418163102,1011.4462933437464
2023-02-03 06:00:00,19.811360536606397,63.37583724829795,1013.0673818519537
2023-02-03 07:00:00,19.968552833419654,63.137983793120796,1012.018024389876
2023-02-03 08:00:00,20.125776226946865,62.898144350342044,1016.8443040996551
2023-02-03 09:00:00,20.28287524591894,62.656470711108774,1015.0012172425998
2023-02-03 10:00:00,20.439694542055296,62.41311582740642,1016.7880850305903
2023-02-03 11:00:00,20.59607904368085,62.16823371525721,1016.6288385833321
2023-02-03 12:00:00,20.751874109069675,61.92197935724577,1015.5563287581275
2023-02-03 13:00:00,20.90692567936324,61.67450860443248,1017.2276226895965
2023-02-03 14:00:00,21.061080430912533,61.425978077717744,1013.1349692548005
2023-02-03 15:00:00,21.214185926892924,61.17654506871841,1014.4951556682357
2023-02-03 16:00:00,21.36609076804231,60.92636744022028,1010.447566831201
2023-02-03 17:00:00,21.516644742373124,60.67560352626881,1012.7559948291871
2023-02-03 18:00:00,21.66569897371027,60.424412031961495,1016.6391242991294
2023-02-03 19:00:00,21.813106068908326,60.172951933005805,1012.3449704832807
2023-02-03 20:00:00,21.958720263601972,59.92138237510533,1012.2273641122727
2023-02-03 21:00:00,22.102397566346067,59.669862573238895,1009.5899813829197
2023-02-03 22:00:00,22.2439959010023,59.41855171089526,1016.5755349138169
2023-02-03 23:00:00,22.38337524723212,59.16760883932831,1019.8512345281963
2023-02-04 00:00:00,22.520397778956614,58.9171927768954,1013.3802098387662
2023-02-04 01:00:00,22.654928000646585,58.66746200854364,1013.9255626640748
2023-02-04 02:00:00,22.786832881308204,58.41857458550661,1008.125827256931
2023-02-04 03:00:00,22.915981986031355,58.17068802527617,1009.2355354255575
2023-02-04 04:00:00,23.04224760497108,57.923959211911466,1015.1063574009979
2023-02-04 05:00:00,23.165504879634096,57.67854429674939,1013.6840658814776
2023-02-04 06:00:00,23.28563192634593,57.43459859957837,1009.7105346469853
2023-02-04 07:00:00,23.402509956776253,57.192276510338516,1017.5343318151628
2023-02-04 08:00:00,23.51602339540341,56.9517313914105,1011.1158668474345
2023-02-04 09:00:00,23.62605999380198,56.71311548055432,1016.1789535673847
2023-02-04 10:00:00,23.73251094164025,56.47657979456039,1012.19786657426
2023-02-04 11:00:00,23.83527097427799,56.24227403367269,1008.8721478154514
2023-02-04 12:00:00,23.934238476857942,56.01034648684587,1012.1813545386445
2023-02-04 13:00:00,24.029315584788336,55.78094393789482,1010.060805630727
2023-02-04 14:00:00,24.120408280516816,55.55421157259751,1015.0321620820746
2023-02-04 15:00:00,24.207426486500243,55.330292886808536,1010.7893718202898
2023-02-04 16:00:00,24.29028415427843,55.10932959564287,1012.3460392337969
2023-02-04 17:00:00,24.368899349563634,54.89146154378594,1019.5735716207855
2023-02-04 18:00:00,24.44319433326177,54.67682661698809,1006.4785136015754
2023-02-04 19:00:00,24.513095638345163,54.46556065479844,1017.3171991779706
2023-02-04 20:00:00,24.57853414250084,54.25779736459377,1012.3449180432405
2023-02-04 21:00:00,24.639445136482543,54.05366823695716,1009.788170779381
2023-02-04 22:00:00,24.695768388098834,53.853302462459084,1012.4928370712742
2023-02-04 23:00:00,24.747448201774063,53.65682684989475,1011.3168180547267
2023-02-05 00:00:00,24.794433473623243,53.46436574602822,1011.5352172559253
2023-02-05 01:00:00,24.836677741986446,53.2760409568953,1016.6888608802772
2023-02-05 02:00:00,24.874139233372667,53.0919716707139,1012.9365386810207
2023-02-05 03:00:00,24.906780903767796,52.91227438245164,1014.1177334137641
2023-02-05 04:00:00,24.9345704752658,52.73706282009754,1012.513296266769
2023-02-05 05:00:00,24.957480467986922,52.5664478726853,1008.1202242971418
2023-02-05 06:00:00,24.97548822725133,52.40053752011304,1013.2345099104168
2023-02-05 07:00:00,24.988575945981307,52.23943676480422,1014.272937672047
2023-02-05 08:00:00,24.996730682309902,52.08324756525316,1011.919955973552
2023-02-05 09:00:00,24.99994437237857,51.932068771496766,1007.4947205053752
2023-02-05 10:00:00,24.998213838311152,51.785996062553764,1014.5391389543279
2023-02-05 11:00:00,24.991540791356343,51.645121885870644,1016.7265073441358
2023-02-05 12:00:00,24.979931830195525,51.50953539881304,1017.7259542041298
2023-02-05 13:00:00,24.963398434417602,51.37932241223909,1012.421900206076
2023-02-05 14:00:00,24.941956953167367,51.25456533619108,1013.5254377592674
2023-02-05 15:00:00,24.915628588978525,51.13534312773902,1013.3763751954107
2023-02-05 16:00:00,24.884439376807464,51.02173124101002,1014.513485296174
2023-02-05 17:00:00,24.84842015828844,50.91380157943419,1014.0638211059282
2023-02-05 18:00:00,24.80760655123563,50.81162245023804,1017.3633004673899
2023-02-05 19:00:00,24.762038914422263,50.715258521213755,1015.7601409039975
2023-02-05 20:00:00,24.7117623076716,50.62477077979173,1012.437307772263
2023-02-05 21:00:00,24.656826447299274,50.54021649444259,1012.7314257102505
2023-02-05 22:00:00,24.597285656951037,50.4616491784326,1013.6206103099764
2023-02-05 23:00:00,24.53319881388445,50.38911855595598,1014.39563128696
2023-02-06 00:00:00,24.46462929074785,50.322670530665015,1010.9327543514311
2023-02-06 01:00:00,24.391644892913845,50.26234715661834,1015.5632806286316
2023-02-06 02:00:00,24.314317791429662,50.208186611665425,1015.8748922371933
2023-02-06 03:00:00,24.232724451650313,50.16022317328439,1012.5438287247833
2023-02-06 04:00:00,24.146945557625422,50.11848719688821,1018.5713244742016
2023-02-06 05:00:00,24.05706593231434,50.0830050966132,1013.7578420630376
2023-02-06 06:00:00,23.96317445370843,50.053799328601855,1011.711098809159
2023-02-06 07:00:00,23.8653639669436,50.030888376790685,1012.5327764027769
2023-02-06 08:00:00,23.76373119248978,50.01428674121194,1016.2292848267103
2023-02-06 09:00:00,23.658376630508403,50.004004928816784,1018.0580537892555
2023-02-06 10:00:00,23.549404461472157,50.00004944682554,1011.3437624650263
2023-02-06 11:00:00,23.436922443145562,50.002422798609395,1011.8809470713502
2023-02-06 12:00:00,23.321041804028084,50.01112348210602,1012.4579443319152
2023-02-06 13:00:00,23.201877133365137,50.02614599077024,1013.0116832379492
2023-02-06 14:00:00,23.079546267835912,50.047480817059004,1014.536593397169
2023-02-06 15:00:00,22.954170175029795,50.075114458448645,1009.2024659996688
2023-02-06 16:00:00,22.825872833826978,50.10902942598038,1014.7643360656908
2023-02-06 17:00:00,22.6947811118011,50.14920425532888,1011.5514649530373
2023-02-06 18:00:00,22.56102463976558,50.19561352038673,1011.787871510275
2023-02-06 19:00:00,22.424735683587457,50.24822784935627,1013.6203646072889
2023-02-06 20:00:00,22.286049013395402,50.307013943338646,1012.4101426693145
2023-02-06 21:00:00,22.145101770311648,50.37193459740815,1011.8124792668751
2023-02-06 22:00:00,22.002033330839026,50.442948724158825,1011.1331870792686
2023-02-06 23:00:00,21.856985169037852,50.52001137970804,1016.1005000521847
2023-02-07 00:00:00,21.710100716628364,50.60307379214091,1010.6378175505891
2023-02-07 01:00:00,21.561525221157456,50.69208339237737,1010.0869539544922
2023-02-07 02:00:00,21.411405602369875,50.78698384744246,1010.1707046448954
2023-02-07 03:00:00,21.259890306925634,50.887715096118626,1014.1550654506121
2023-02-07 04:00:00,21.107129161607812,50.99421338695781,1013.7225527872138
2023-02-07 05:00:00,20.953273225165347,51.10641131862868,1009.3823886152616
2023-02-07 06:00:00,20.798474638937762,51.224237882574215,1010.0486017475126
2023-02-07 07:00:00,20.642886476409362,51.3476185079519,1014.9527108707612
2023-02-07 08:00:00,20.486662591841522,51.47647510882875,1011.0508955191535
2023-02-07 09:00:00,20.32995746813312,51.61072613360072,1011.5609141035517
2023-02-07 10:00:00,20.172926064059094,51.750286616605685,1019.415829892898
2023-02-07 11:00:00,20.0157236610387,51.89506823189707,1015.4759546053077
2023-02-07 12:00:00,19.85850570958443,52.044979349144086,1034.601545679077
2023-02-07 13:00:00,19.701427675583965,52.19992509162341,1029.4316135198837
2023-02-07 14:00:00,19.544644886566815,52.35980739626528,1029.7131254079018
2023-02-07 15:00:00,19.388312378107724,52.524525075716454,1035.0093563640185
2023-02-07 16:00:00,19.232584740518938,52.69397388238009,1036.826555511038
2023-02-07 17:00:00,19.077615965982545,52.868046574392885,1031.1018592281403
2023-02-07 18:00:00,18.92355929627456,53.04663298349679,1037.8763322810746
2023-02-07 19:00:00,18.770567071230772,53.22962008476322,1027.4192666408471
2023-02-07 20:00:00,18.61879057810464,53.41689206812478,1025.7828955494808
2023-02-07 21:00:00,18.468379901966102,53.60833041167013,1037.9345355279884
2023-02-07 22:00:00,18.31948377728893,53.80381395665471,1014.7746907374668
2023-02-07 23:00:00,18.17224944087392,54.00321898418053,1013.8345688884734
2023-02-08 00:00:00,18.0268224862528,54.206419293496324,1017.8231773055536
2023-02-08 01:00:00,17.88334671971734,54.413286281868054,1012.4619279871516
2023-02-08 02:00:00,17.741964018115546,54.623689025970116,1012.3348648924862
2023-02-08 03:00:00,17.60281418855596,54.837494364744686,1018.1516214776348
2023-02-08 04:00:00,17.466034830158655,55.0545669836778,1015.1925248621646
2023-02-08 05:00:00,17.331761197989394,55.27476950043785,1011.7370043864059
2023-02-08 06:00:00,17.200126069312038,55.49796255182325,1017.3208362523628
2023-02-08 07:00:00,17.071259612290824,55.724004881963275,1019.3278922093232
2023-02-08 08:00:00,16.945289257272897,55.95275343171724,1013.5685323486815
2023-02-08 09:00:00,16.822339570778098,56.184063429214476,1010.1136872134819
2023-02-08 10:00:00,16.702532132320528,56.4177884814787,1009.0814471770491
2023-02-08 11:00:00,16.58598541418407,56.653780667077974,1007.8968743834027
2023-02-08 12:00:00,16.472814664270242,56.891890629742264,1012.0098605564381
2023-02-08 13:00:00,16.363131792134766,57.13196767288909,1011.5121510677247
2023-02-08 14:00:00,16.257045258325064,57.37385985499715,1017.700626242345
2023-02-08 15:00:00,16.154659967128424,57.61741408576834,1017.9699130825993
2023-02-08 16:00:00,16.056077162836857,57.86247622301621,1012.7720314655451
2023-02-08 17:00:00,15.961394329630973,58.10889117022082,1009.440430171211
2023-02-08 18:00:00,15.870705095182295,58.356502974686904,1020.085588544051
2023-02-08 19:00:00,15.784099138068893,58.60515492624452,1007.9680792485102
2023-02-08 20:00:00,15.701662099096282,58.854689656428555,1014.1937116630879
2023-02-08 21:00:00,15.623475496610947,59.104949238075314,1013.7666318977086
2023-02-08 22:00:00,15.549616645890476,59.35577528527227,1012.7919121334601
2023-02-08 23:00:00,15.480158582689928,59.60700905359866,1016.1287859273255
2023-02-09 00:00:00,15.415169991019937,59.85849154059237,1010.111323731175
2023-02-09 01:00:00,15.354715135228194,60.11006358638062,1013.8387658024288
2023-02-09 02:00:00,15.298853796451208,60.361565974410176,1010.2007717723137
2023-02-09 03:00:00,15.247641213499447,60.61283953221313,1016.8253297496229
2023-02-09 04:00:00,15.201128028234061,60.86372523214527,1015.3646050259373
2023-02-09 05:00:00,15.159360235489409,61.114064292032246,1007.6572614560939
2023-02-09 06:00:00,15.122379137590812,61.36369827566098,1014.7263596351735
2023-02-09 07:00:00,15.090221303512468,61.61246919305149,1011.4654306805746
2023-02-09 08:00:00,15.062918532716058,61.8602196004469,1019.6560518625421
2023-02-09 09:00:00,15.040497823705616,62.106792699957225,1012.4379439892767
2023-02-09 10:00:00,15.022981347329939,62.35203243879488,1011.7385912936029
2023-02-09 11:00:00,15.010386424858785,62.59578360803812,1015.6117356087893
2023-02-09 12:00:00,15.002725510854653,62.83789194086094,1012.3040131847769
2023-02-09 13:00:00,15.000006180857014,63.07820421016627,1013.372658424747
2023-02-09 14:00:00,15.00223112389118,63.31656832556136,1010.8023704522941
2023-02-09 15:00:00,15.009398139809267,63.552833429613926,1009.7012432889456
2023-02-09 16:00:00,15.02150014146581,63.78684999332747,1013.4317815244251
2023-02-09 17:00:00,15.038525161725929,64.0184699107765,1012.0971128970712
2023-02-09 18:00:00,15.060456365299107,64.24754659284045,1013.2972299251824
2023-02-09 19:00:00,15.087272065386859,64.47393505997826,1012.2624826745049
2023-02-09 20:00:00,15.11894574512785,64.69749203398368,1006.8087256159512
2023-02-09 21:00:00,15.15544608381925,64.9180760286644,1013.6441346379032
2023-02-09 22:00:00,15.19673698788839,65.13554743938649,1012.2966619588916
2023-02-09 23:00:00,15.24277762658411,65.3497686314285,1016.4998615011035
2023-02-10 00:00:00,15.293522472352478,65.56060402708847,1009.2853529252022
2023-02-10 01:00:00,15.34892134585697,65.76792019148928,1012.0013076163134
2023-02-10 02:00:00,15.408919465598625,65.97158591702785,1013.3379303953163
2023-02-10 03:00:00,15.473457502087008,66.17147230641453,1019.5375028155078
2023-02-10 04:00:00,15.542471636508576,66.3674528542506,1011.7610567855082
2023-02-10 05:00:00,15.615893623834225,66.55940352709165,1011.3563813552444
2023-02-10 06:00:00,15.693650860303833,66.74720284194692,1011.568198400678
2023-02-10 07:00:00,15.775666455220904,66.93073194316395,1015.4421838577474
2023-02-10 08:00:00,15.861859306986332,67.109874677651,1013.6179292826049
2023-02-10 09:00:00,15.952144183296273,67.28451766838859,1010.386740350209
2023-02-10 10:00:00,16.04643180542452,67.45455038618435,1013.4546422519993
2023-02-10 11:00:00,16.144628936506372,67.61986521962542,1007.8900895998013
2023-02-10 12:00:00,16.24663847373637,67.78035754318438,1012.6627382969295
2023-02-10 13:00:00,16.352359544389042,67.93592578343514,1010.446709180881
2023-02-10 14:00:00,16.46168760556747,68.08647148333753,1014.8739030818133
2023-02-10 15:00:00,16.57451454758108,68.23189936454945,1013.1516763597193
2023-02-10 16:00:00,16.690728800850653,68.37211738772709,1011.7284017094017
2023-02-10 17:00:00,16.810215446234427,68.5070368107756,1009.3188206132471
2023-02-10 18:00:00,16.932856328666684,68.63657224501259,1012.816022608058
2023-02-10 19:00:00,17.058530173995962,68.76064170920958,1014.3214956244992
2023-02-10 20:00:00,17.187112708907797,68.87916668147672,1016.7525956424413
2023-02-10 21:00:00,17.318476783813075,68.99207214895836,1008.814120107365
2023-02-10 22:00:00,17.452492498580618,69.09928665530755,1020.2021908832844
2023-02-10 23:00:00,17.58902733098975,69.2007423459099,1013.4673943969409
2023-02-11 00:00:00,17.727946267775597,69.29637501082776,1015.1784679594551
2023-02-11 01:00:00,17.869111938137802,69.38612412543789,1012.21789302298
2023-02-11 02:00:00,18.01238474958042,69.46993288873662,1006.4844074306646
2023-02-11 03:00:00,18.15762302594873,69.54774825928853,1014.329081879266
2023-02-11 04:00:00,18.304683147526614,69.61952098879554,1014.7261343528456
2023-02-11 05:00:00,18.453419693055636,69.6852056532656,1012.8748726498909
2023-02-11 06:00:00,18.603685583535842,69.74476068176082,1012.6708807181585
2023-02-11 07:00:00,18.755332227665527,69.79814838270728,1011.2022275824322
2023-02-11 08:00:00,18.90820966877675,69.84533496774941,1014.990919803953
2023-02-11 09:00:00,19.0621667331208,69.88629057313422,1010.99756358044
2023-02-11 10:00:00,19.217051179357192,69.92098927861169,1009.8788938015906
2023-02-11 11:00:00,19.37270984909851,69.94940912383929,1015.3299476813154
2023-02-11 12:00:00,19.52898881836185,69.97153212228046,1017.6777776481451
2023-02-11 13:00:00,19.68573354977758,69.987344272588,1008.886774010612
2023-02-11 14:00:00,19.84278904540438,69.99683556746534,1008.9349372137666
2023-02-11 15:00:00,19.999999999999993,70.0,1015.3182400733477
