latitude,longitude,temperature
39.16510205345869,-108.40384974062324,29.436497990869743
40.237030407805996,-115.12696379409712,28.9010089422174
36.263089222083,-99.93889759406485,29.24945621308773
42.6908327265956,-97.42386612522665,27.21578520629842
38.322264926368774,-93.69221004074815,28.041630190910446
43.99089266716958,-100.95666049174612,26.239012726007516
36.193996846946696,-119.67423669005633,26.729533385077325
38.18872836380561,-111.87891154203528,35.49736221076062
39.74668013700223,-111.5337319248147,31.630139739855185
40.97860119414553,-92.10844563792264,27.354203926825644
39.130483618006025,-82.03106848248513,32.10391319040555
43.37731288074426,-105.98787010070004,28.19356478208555
37.52254598844658,-85.34397666223457,25.22340548433022
42.33657930234092,-112.47147744288371,26.157507969606808
40.509197656198424,-81.06060993785466,40.56667048450847
35.572289921369006,-91.67387493392108,30.394053016109766
40.90664269338736,-81.0756663771212,36.31501294151565
37.002145748655245,-111.11364718735943,33.05403592918387
43.02993393875094,-86.39439156723834,34.172522818646485
37.301544385844934,-87.92873374030728,26.592254644780958
42.08756533513848,-118.05500499518666,26.08974518703494
42.89410100712052,-115.1457824710006,28.230725147177623
43.87636389581961,-107.59505161674258,28.933323482877466
37.77600341155785,-89.11975773366422,29.50325380737008
39.998366818919905,-85.76211489139914,31.31618396209181
44.61158427598002,-114.29608836545925,27.373314297937604
36.18716112204549,-87.9333548283056,30.562802037057427
37.904784412867535,-91.46101402473106,25.964153475136488
41.11860181805158,-107.83391662082758,25.81165407601382
39.17582247469832,-92.00008471750365,31.316381558440458
42.374295813243556,-115.29888466693485,26.800307590922774
40.58561407575669,-116.01090077675137,26.653964222869245
43.116801644308964,-102.41274146761387,31.577640152229385
39.29549955749343,-118.58208198231668,34.956620247906095
42.69434779923586,-95.92344966675556,31.11376213827612
41.88634805718199,-83.13488994596688,34.08407644203623
40.11578777950815,-99.22699638310897,26.310599277680257
40.70396281681439,-102.06694666214338,25.932684909640358
41.197158520845804,-80.32814087354804,34.93402661248898
41.71799777381364,-112.59735424673012,27.478501616096434
36.11943862388464,-114.34893321429976,32.53737253431112
36.40906064419112,-102.98138731022716,26.588490740680175
41.16681659801495,-86.6103549868516,41.181004005411936
42.51660129934274,-85.55412044062135,35.7590206177302
42.1068264448976,-101.95988537251041,26.49706914195225
40.39509845116643,-107.8732882298414,20.634816447482944
37.866307888375914,-80.79869736059644,32.054459740233575
36.17684771924475,-83.92520518659418,30.622841534731222
37.688318784728025,-101.0567460138962,28.480811865265043
38.79614431400201,-81.29472466141692,25.537566564422235
37.2582843813233,-86.39040053093761,30.12150201551606
44.995716460821534,-96.61701491541389,25.030563938849866
41.980526021830414,-113.72161405451695,26.103798275391508
36.46777715746308,-86.95823844404092,31.819620135840083
40.04446086510917,-94.85858796492207,28.288839273517304
35.34808494600192,-87.62765647608072,27.5705721796826
44.324123923294884,-109.38049922665579,21.80653684550835
37.57089892674049,-95.17632460062643,35.37847917019423
44.548242229937415,-81.33569582365193,33.49333504310192
40.793206002817286,-110.4453460891101,25.27152872542665
41.000972317373325,-99.30878171375349,24.548508236740986
42.726128593427106,-83.03731803974767,42.268789709081474
40.73613729659715,-95.27202420461046,27.84539907713305
40.17971841314519,-113.3618223236702,29.73401480558005
39.878338529470184,-82.59508146057163,27.131326637047103
42.06844664449592,-99.41541555288842,26.60452022287745
37.356656651010056,-85.8336832177738,26.716950953946206
35.41144452381534,-99.74470058106425,31.21379433814771
35.802698850272165,-90.14066111444401,32.04236025076407
41.36516218410822,-111.802008471769,25.42595667675069
39.96607228123783,-100.72755636830226,32.421735529802355
44.94637616680939,-83.07149121328592,32.16680611548584
39.929743327930765,-101.16944728267438,22.267258611572966
44.772885451000676,-84.0152701431908,37.09123640760498
37.79634985219537,-119.81459460087001,22.390355814157182
37.930152600277076,-93.59296992908077,27.877735472951034
35.410498360516705,-90.10390371439289,30.46700833098386
39.79595500001759,-96.94139625975525,30.64570237047054
37.96419301349293,-119.2864874854028,33.96262467048574
42.727460613803515,-116.34520475789289,23.05328907036385
38.27942449334647,-109.99198211290332,32.37338078226548
40.20524026986646,-88.15566765672223,43.43346128941576
35.79961488488543,-96.49708987109892,32.31446367804705
41.098208682002394,-91.28103729418237,27.376616523632382
43.28034537140601,-80.49030662907738,39.277181060234426
40.73301261766804,-85.9191992769498,41.22139012078281
36.81882172477154,-89.55687943561394,32.07425397370479
38.44643619728399,-116.27067985865457,32.3344163951659
37.770006131978256,-105.05534017729768,29.669661611102416
42.694469599572486,-98.47138149674808,32.93092473399801
39.896066976550046,-95.64173773776048,28.303085078915654
38.49075020396951,-105.87946921638536,30.967380534731443
38.35408965705402,-84.84149726932306,34.26750763360409
39.17843000331619,-80.47826482994454,21.879873002880704
35.997629429469505,-97.97827275520577,26.190084357614413
41.63694401718814,-85.62703430091119,41.34184848470687
36.590067497997765,-92.41597608156013,33.333268668859546
44.758198777735245,-117.97038787543056,22.70211803164234
37.580416907893955,-97.12707216004478,27.006014465400398
41.021603756309446,-111.01518621509278,20.832924325211465
35.024882116526115,-113.92385882021799,28.568066697317796
38.399483212158565,-116.3674096467838,27.325363547613367
43.151445389602046,-107.09945063996679,21.98980137058671
35.35997138177715,-88.70061740619214,41.13521110086699
39.98110061026168,-105.94696721720157,28.77122362490524
42.41772597176527,-94.24731379552372,25.550337290576692
42.963076691384785,-119.93310845366925,28.751780479016553
35.63236667880394,-115.97350365485345,33.22826323852757
37.25666288255214,-93.02601060262042,34.41777583492033
35.66305366762486,-84.05996818058722,27.834772871182537
42.33877951993026,-115.96329551354017,23.097377155855845
42.72386810182609,-114.10782166641681,20.517818731459045
35.8562852862561,-91.64675665416641,27.650836321374857
43.91299666768148,-108.34008056419431,24.130591385217336
40.24631387254993,-97.18987176376585,28.55748611387871
35.3994116324221,-119.12385986531646,27.65841142837492
42.71855218238204,-102.60262243245845,25.909276641247516
35.819280837082346,-84.46650813660933,26.376121730254372
39.20359619361547,-119.59307045001455,23.124686404638542
42.65699558866025,-88.11926991438513,35.60038295189841
43.29701763882193,-111.55192655494452,24.777606294145087
38.737438672663295,-111.260465799973,26.760139983300057
38.58505649665313,-98.12552727182444,32.231824013054876
39.91145928994624,-90.64175341210051,27.212057983996605
40.148074100130025,-95.70473205863127,25.30042857408781
39.60632996378499,-89.50865627250866,31.486565636912005
37.74445098665902,-94.90664630200419,33.453829799506956
36.2826549316765,-84.46324809352016,34.4816357011885
35.35179701318002,-87.01744353626799,31.069743377068665
38.539727029466675,-100.92245404973485,26.869898900904357
39.6464768183751,-108.1165820505241,26.026532509716855
39.98893347730809,-104.36850721737889,24.89821534169564
37.17253488724225,-82.34320385291952,29.19219131721843
40.09152151170258,-106.74974862836882,28.362814490116584
37.67965191641273,-80.14398368764705,28.703855453223664
37.18470556667982,-95.86849295354251,27.759972844802984
44.82326401289476,-91.98911981191637,24.100915007488947
43.65753706521978,-95.65726122962101,28.14834557414421
43.08646654798216,-94.26037804766513,28.59178783303274
35.2878099268851,-86.58679035208897,31.902603961438377
37.036729716708244,-109.13596061366053,32.28215204129131
44.700638562251385,-84.4648501553392,38.428017648412556
36.19607253699328,-117.63498882620095,29.782581069919274
40.71022688811151,-117.64435197954771,27.45436349095813
39.053460645566986,-99.04110100930916,27.795567574156912
40.76464676511871,-93.11549480110848,26.40034478116479
40.87884846743077,-96.11141347715561,28.950948707317373
38.64039222576486,-105.0102534889553,27.79964275937839
44.998511676111505,-92.89446413479052,25.276416444642685
44.20385307429625,-116.67872786770299,20.664709913962977
37.507617538042425,-85.34215775439074,34.02415252734158
38.13124355298086,-100.55888779970904,26.18737512534811
36.191014120211086,-88.34268215964568,26.715242103377754
38.602135766903174,-82.93889847560625,29.454808525069343
38.98102744195076,-116.3332089278679,31.0216683525956
44.65746352427816,-85.42348931383286,32.290429862878796
40.46545073326653,-105.03202771470913,24.862290994010213
43.399945698864464,-81.02081843575618,36.4031564996703
39.523153824840016,-115.49616493350764,31.14688016127097
38.65782392098485,-92.66254158096655,30.686152246799292
41.86462999335281,-112.21026035697082,29.284351914547138
38.31691761689877,-80.51052141210843,29.597470616004035
43.53177347589277,-85.64830343402414,35.94624169258814
39.3141442307536,-113.21801759454901,23.399790798728095
38.04672960681586,-99.31875128984116,26.0962515922707
42.361734156465246,-104.69856190282437,27.90857069120146
35.39834973493381,-81.47295999902445,27.978637951986673
40.138182726931944,-116.98015783204126,26.170604093176397
39.201557885331475,-80.05225718342433,33.219925707377904
37.043000976496614,-86.18228303754213,24.162540040119925
44.88735940603293,-114.99435454148488,30.167405710481006
36.2788543834481,-114.22676879725523,28.11553504963652
41.82739721385203,-89.3295397793176,36.12484460404967
43.26643079813622,-89.87905643480455,34.321472416045424
40.17597643228446,-87.62249199953672,39.241844802448895
43.81749491742691,-107.59925992603816,27.16321138053847
39.07394187606123,-113.26354625614425,28.75214284541657
35.61776556852804,-114.68212038299009,27.08820957385696
42.86508954710813,-81.67736074897272,37.0597415039103
38.70720598363286,-86.63481561352906,32.663308981487525
38.18693475526935,-108.32150891860647,31.628811296305923
43.08495415166485,-114.07592545700967,33.16645653045614
38.62989244314239,-97.91994899292425,31.061568224820547
37.84702222604028,-109.81265749824928,28.5039882048962
40.25035436478961,-111.797026807465,29.5767000383029
38.953403461178425,-82.49325032404619,28.371644838565683
42.8386522123761,-96.65472611572085,28.76693836294705
38.281021978328475,-90.48702510897797,28.84749333974181
44.02557071932708,-102.10379715226699,24.84310449680346
39.616869970119886,-110.51427923038337,28.03399220407886
44.09268469377224,-113.91884976330279,25.47084454233977
37.844468738636536,-89.7110797211408,30.65069861828928
36.39719365374198,-101.39452766690908,27.938233297858066
39.34072778707767,-113.77060861164422,23.30930760989186
42.01422511395944,-84.96305579720067,32.58935267629879
39.89569237007815,-91.34843972942967,24.09462380012153
43.08209230585648,-105.37661357819908,27.08762653579079
41.57939748943139,-116.44752438442347,25.274383133049493
35.3917959053904,-102.3724303402603,29.225568485014687
36.27977044033661,-106.50438993558419,28.87631713345519
41.54474150874275,-114.31826626970506,25.059261894407094
42.70554286579522,-90.26227713467759,25.465396476128436
43.89034719728064,-84.12712851728969,35.30859635273195
40.9215722734959,-89.8766851663582,34.349555740686114
36.694071413022826,-113.9934929907883,26.180861954098532
40.07834385887935,-80.7572467953954,36.170855063068075
44.665217600887544,-80.064369805574,37.000830835701365
43.56927551128849,-109.46310044465497,28.928250959237936
44.76105752552385,-93.20588797985369,25.73691976240153
36.34251851053838,-100.34606358384443,29.465372590205043
37.13476811824364,-97.93126925500769,30.956322903327045
44.8652486938579,-97.33803900352913,25.36502447181638
36.60936698451704,-102.22284554567281,28.534578637329787
42.51515226796728,-108.81182583217226,23.98775626399429
41.72175863151464,-90.0954716234983,21.754230998436746
44.94085543772434,-108.10493682725864,24.059960877689587
37.99670395762483,-114.7987091856083,26.31229101992337
35.98642859318057,-93.46472059431102,28.383962010737257
39.8501076438333,-94.95811264235674,28.826136537989708
36.55842302104806,-81.8771624706147,29.90850476986142
40.107396831110336,-94.70777223672825,29.131770374533183
41.27510447478247,-112.50412411192512,20.342807419701995
40.30122306041236,-114.41754983581741,24.627405782023292
44.55547037942591,-119.95277979485128,27.802551282146744
44.36062642144846,-99.98989318721831,25.676568566160647
44.800772759182486,-112.67358507950227,23.126551909177284
41.43182071487592,-97.60549086990399,28.423540174607016
40.0291439957294,-99.36062688835412,27.877243704925927
36.43353028940799,-114.76922829646148,32.08920389465913
44.96516811061339,-84.91410061330967,30.620454794711097
42.990264398706366,-87.02897101084184,32.187351948273594
36.24867388438442,-85.3372362704998,27.175374625725002
41.09446510483607,-106.53393542482151,24.47389726085609
40.31328656707029,-115.00633796178919,25.63642926168154
35.77107858269706,-82.3258525728069,25.673938107278964
44.606113018469905,-97.05620617285373,25.311015153332953
38.10909852326062,-103.26729183555906,26.96794703558423
37.92406806376267,-101.41268580167747,28.6400149074009
36.25205238730432,-84.00070670449495,29.046753889128336
44.19128182979429,-82.0820859462287,37.18929479173843
38.92713157774487,-92.31143976888447,27.03713875814531
35.17718477754617,-101.25271495975315,32.03955057679015
42.447081283959214,-100.07987955685402,19.91000453749736
37.683630554296286,-102.37342847135065,28.23337252822454
35.26122709156374,-115.09715709792259,22.713847065753377
43.266651535528744,-92.88881936112048,24.787607850920317
44.245356263732916,-90.49910708873043,22.653449679512857
44.944365642878026,-86.85283573531213,40.56715146568284
35.28701405668076,-97.59533031490074,30.53544888542561
41.019397148213955,-106.03499327411826,26.84180420154906
36.76610554897746,-88.44011550840511,32.244370911024056
36.00329897341925,-87.69522101257581,31.50081957942004
39.817634185672624,-105.36671057477609,25.46179368080124
36.9456332476534,-93.90661438161905,23.00543522976691
37.35493426419353,-96.98619659285131,32.035695449140185
43.19993334977421,-114.34622353544985,23.93737518179575
44.360230371377995,-98.83565057257638,24.071181023229997
41.082274226940775,-91.27442329638322,23.56345403005749
35.82767126786631,-81.26798135342302,28.15084479809921
44.18842113877423,-82.25199930862638,31.836120653397845
38.32018256688008,-108.49900567431196,28.43237442846994
43.15495909829059,-84.97520249635417,38.044466674753004
44.61107139879723,-119.79213460244681,23.706212680543572
41.176091477205084,-110.23064405598437,27.345452529258655
43.122608577979406,-106.92838032724234,30.407704888720843
36.30712599330247,-99.92367399872049,29.209924787105688
39.334769028641105,-109.46630959688751,25.494829713209874
37.869803335359734,-117.40594392512372,27.710864773657384
41.86027924576355,-93.41809013837847,28.24886119154679
42.891485424582804,-106.55822876117287,23.126955754564477
40.44337102921662,-105.8902544647675,31.093510223640806
43.326499055165776,-104.78934134030482,21.85814248596876
42.352786308654046,-109.74624029390718,26.43049547921752
44.49028900575975,-101.69507157122584,24.317847570573893
43.40846500876038,-95.3998926967401,22.805215508595516
35.31103124732881,-112.26387981111927,29.959052685005727
40.315162586085826,-115.09525243236922,26.666935284078097
39.56832883241038,-82.88885076682675,26.36055718634645
40.16671424679511,-87.08726956134394,36.02290694252365
36.19409760759075,-83.57212963063422,28.38197164943864
41.28190054283803,-111.13403484524281,23.863508301578754
40.015657964714606,-94.26125381181669,24.79601726197463
40.84510751466689,-111.93803109637372,24.428967895925943
39.77978554779479,-111.63799621631107,25.429656152807368
41.139417691024406,-115.29065808644592,24.42599730321785
39.8283793024042,-98.7336564877558,27.645282121796118
38.09866521328703,-89.07440193378152,28.598128808218416
40.313928131828106,-105.71954903807898,23.639741435293907
42.35110780064536,-86.24724654864355,37.203817299441965
37.269807827752246,-102.13852331938217,28.719164079816814
43.90080901360034,-108.43728147294613,31.850409598776153
37.760785939631226,-103.35284658098111,25.454682066172424
44.8239298515892,-116.19677268891596,25.03830085170208
42.071357272650616,-108.50531313812512,28.291324255485115
38.591957512662816,-110.82175941408579,32.01091477012379
44.285889399999746,-118.00740903211529,29.07188479004583
36.8889108225351,-113.70601378257493,24.709563850497354
44.07603266220481,-82.76211760684221,38.26240520275045
44.02219398833548,-118.25960737947622,26.17914970726456
43.02608551741814,-84.28019189937282,41.868854177425774
35.69370723442438,-111.02256941852323,27.469149640676573
36.34855536051643,-91.56482290817483,26.115977426786145
35.84607101508347,-119.51080716342562,30.654190958952622
37.25186512399107,-112.48393825202223,35.21749609036261
43.421746897483466,-97.5841163668855,24.511722805092738
35.798275230968045,-84.4494270080875,34.06544872995069
43.00836965700374,-107.83411989642015,22.983474820139207
38.675565605632684,-83.12680615092634,29.511622186344997
43.7328733624041,-81.08239151808289,31.27560014077692
36.172677263005895,-91.71729776044543,28.314431622790437
35.93362105215487,-103.35956341533787,26.149735067818177
44.942463355482886,-108.15207196426383,25.970204663136848
44.66662241967748,-97.20887796876463,25.885464898572714
35.86525911015598,-101.48248545629463,31.032624816612746
37.17266616849521,-115.093783511943,31.75499248561917
40.45735591989039,-88.7748698178371,33.98918658837688
38.17530947248157,-116.52720054099485,30.008173054135174
38.8558665653176,-106.1202813220034,30.180841486463088
39.04492829845737,-106.52943850137406,29.412789945271257
40.284976115271306,-107.69291539620383,22.025546485780232
43.42483689610381,-106.05689822829419,23.930255579522534
42.16635675700411,-81.64081851480353,40.35694699478626
41.85711382059261,-110.65402458524682,19.144967004950672
37.960214299374805,-102.65361725797216,32.12924575163953
37.100693820655046,-103.75354055085012,31.337769299721067
41.20337860923129,-84.53848477261344,30.47886820834549
43.73746073474555,-95.70357832010043,26.959789599621015
44.35040235493369,-116.24897675677063,28.975787802107835
37.39136320528189,-114.22761322319393,27.230565732640535
42.50405826765639,-112.63809170131617,26.68321326023203
39.47182150955433,-104.87050459600613,26.45463749607459
42.77147621072441,-82.30183091062557,35.38408571371373
38.77810046414376,-118.65148828181883,26.115935314539144
39.503050875535614,-117.46467082585089,24.91905493922208
37.77995411586668,-85.29241392663462,25.64109262468066
35.89321227817814,-80.02240999342915,30.470780072442576
43.79624273854255,-95.81823777705354,22.46021727389354
36.92279129801228,-80.7039538418682,30.318739706182026
43.39142339376015,-83.13564476664918,29.55411126219034
40.94751547115078,-85.29386331414331,39.437150873103036
44.52285182152285,-83.558107771662,36.431976988788065
35.2082539093042,-101.85059149287869,29.573211025260015
42.37873543953186,-110.53745403773014,23.05645615077873
38.974068048562245,-93.6736529853068,28.819391576770588
35.37526140044553,-115.29519478217247,33.276199279792124
37.042462750236425,-83.25882923204136,23.82361615827604
37.01306454881433,-114.12610672719457,32.60848754715975
40.2968435381372,-108.44144789595833,29.710857496574516
43.751949141785246,-116.55829933257934,26.87424621552353
36.408166224907,-115.63309759160327,29.971115734588643
38.94419572203689,-101.8877991285752,28.722091605350435
37.72605753819094,-115.8779002655836,31.190316090653127
44.498879996484554,-113.09390937621976,22.568256093448518
40.932766394433216,-99.20792989305252,29.282155509822424
42.70634330038478,-93.55242757642955,27.195897729191145
35.195396039435,-89.65071972720385,26.511678821149843
36.65698197410082,-109.57959881026702,32.768158912811295
40.93749389992307,-93.0820422771269,20.592925282289336
40.76663559684644,-106.84107047446749,30.14672099514172
42.72675415422329,-108.64536317439259,32.83439637388277
44.07635856124242,-83.00616213445176,34.74430033813357
36.43822087528092,-93.45667101085922,27.01978017983756
35.35389449139564,-90.97591037932739,32.94082682056909
36.39567438687417,-112.89163004548953,27.1778404870623
43.83331401408963,-117.03905067089829,25.02923809068084
38.60393932292444,-88.64845851336155,26.289578616444913
40.82286178170858,-104.99435618661988,28.43727651746829
36.55696890951078,-91.21840441054596,29.60979596981077
39.5741299877674,-118.4358268173905,27.968906613662494
35.71530038662128,-81.42357038137212,33.01629567685877
36.4726958157208,-119.97490208438467,28.30839844514039
39.25480675773182,-107.03478949297912,28.07956485858494
40.47901762797471,-81.19281659575397,37.53856599774629
40.05481660931728,-110.15327346285308,24.035996789990314
40.6030761245091,-98.85693680644121,20.46557533548149
35.466410334310496,-110.34635675118223,27.87320095353718
42.035605115950816,-95.25251274973925,27.6352559064113
42.36102522440407,-110.87074440037675,24.95280436232004
44.64809466029908,-108.92246280777269,29.77891533708628
36.33553446441403,-119.78395934577338,30.147815513200754
44.22639078398766,-108.9519037683004,27.959278575472993
39.337095465298475,-114.58214881760838,29.055232167165506
36.15883872153818,-98.66267294900709,27.791906616364823
42.8628304864812,-116.8918619433056,22.38743664242968
42.44789856067666,-86.26910944538153,31.364795314712932
37.00211290136784,-91.69756604403548,25.67045816898212
42.98225240585781,-88.26877253433867,36.05310370254388
44.349452801502636,-119.4334976419851,25.16742149982371
38.91697712112164,-88.4407272289814,28.477644865837327
43.65725435147428,-109.17879964311331,21.07680490504166
43.6227109761585,-80.09815381425932,40.39034484286074
42.11803235458542,-88.27233281071386,33.01892562137454
38.10244688187284,-112.24002972215199,30.122937509387654
41.46774797990263,-112.18860915742323,27.975328657521747
35.84637428508888,-104.56016843385618,28.04765233581154
42.648184799957434,-100.23712621329389,27.78016030167489
38.468710460707285,-105.37262704121152,26.610866895930947
37.304932614548775,-118.61764454778951,31.50457247394795
42.950869193493645,-85.36888258634173,34.32677151933051
36.6192212388538,-82.73465605959493,28.35158745984658
35.13278258514608,-117.08044820509488,33.47035900930157
38.57781818266447,-99.77538246746248,28.753163419620332
35.62893747979557,-105.0010710624149,25.574946082750508
35.90504566601281,-101.08097729785939,29.83207419194622
43.864842044066805,-86.44929061121508,33.588994329675
35.68637961870173,-106.2845672707191,28.64612886047703
36.65117838209189,-115.65298886239565,24.55599105570522
37.07215327285767,-86.6321264622341,28.756931904681252
35.85611527353462,-97.78649085526541,25.398905227275254
37.50088472929383,-119.07759226942684,30.067728871595275
43.392253508604746,-115.84441186747522,24.741608230705104
43.1973285003709,-87.9974751893526,34.719767816768325
44.96035426817027,-103.82980025412601,18.676510098218376
41.67384498972064,-80.30449949565853,35.71359856340306
42.68739803276299,-90.06531045189328,23.760804432021146
35.75473259278087,-104.79494421215753,33.20544154607491
39.388219871831765,-98.23912792700499,30.275080839598626
40.45423227488074,-105.9079611834982,25.444613747977986
44.48988535002293,-100.57921598537301,26.38861467377792
41.42585328778651,-85.08864234487933,35.250969912123765
39.29875342579888,-89.19046910696221,28.117174688280592
43.285165857996915,-81.25112549547568,35.75282053613039
41.45386258871052,-82.45015444805617,31.984487721758725
43.50461926405479,-102.23833199067528,24.819635800331685
36.70935668394459,-88.53320586448129,27.381755487072695
35.04181091265704,-99.7105526386912,27.240282185447846
39.28163582891203,-84.841501858039,27.347464434653695
41.88531645208717,-114.82810905696888,22.036264218488366
35.341712469106525,-106.02690589480207,27.213566341155147
41.5773756825663,-89.74655542891604,37.039763857724864
40.24753210510289,-108.57049907732231,28.71882434116917
38.71253032881151,-90.50038060177933,28.818220832545894
37.22958371607738,-87.52276603686263,29.085674825487068
40.004890122542605,-116.30071194165761,28.184881624651645
43.5929761825711,-119.91528877365279,24.903894137353113
43.97904742025103,-90.12862395702238,27.98120969542092
41.78477763385448,-115.90098364164092,28.993280229776413
42.97035015040772,-94.58521882063025,22.103650052846966
39.47171357308073,-102.43439675757462,25.006674336928977
37.97711245696911,-97.30944477485947,30.843497971408087
38.602895549200845,-92.11061859913198,28.4420225953951
40.96572700888376,-102.81171102484649,32.70503033316222
43.598113212205945,-105.45497577388016,26.62971569196797
43.8230955684426,-90.56377436209844,23.829443556419047
38.74418306554588,-114.15807086918232,22.633636126173464
35.09863914575061,-115.30509526880539,24.742407381108382
42.089918775829965,-90.70943553755183,26.890295435845083
43.95541034333564,-90.41540344272897,28.35315617084568
43.57014970838039,-115.59988690147253,30.939547279990116
35.160879388631244,-80.11049991553784,29.153534377966473
40.83692256121211,-86.09150385147791,41.32805668880004
40.885263875024926,-118.96287743114995,29.75461643721507
44.97390334263451,-101.80536724492777,22.935203854093704
38.98400693277047,-91.8923222409141,29.24516733196223
43.97979705004847,-95.41990470923301,29.986333786935212
44.631147087156606,-80.91444735458,35.954176743898344
44.23641491749457,-88.17440560911325,31.293777268188133
38.23504291034769,-109.03319973569297,30.988300929219477
36.749229183045564,-99.82403456186509,30.174250811200757
39.78685891388388,-100.65130724466212,25.312000800288295
44.246466668527205,-98.80062168967932,24.89594520271694
40.01034195315947,-113.86909499286853,33.079235217748305
39.75819288143946,-94.48999931906016,26.51029129129572
42.721596484032716,-90.75535857231061,30.357232956085515
39.240019176594686,-108.9505197807124,28.104608031131317
40.18096922348253,-109.64246882979796,30.139885310502603
38.42603252953995,-85.16676562954348,26.684436616180513
41.49353585816657,-119.55399296267478,22.85398383488059
37.21519043212993,-114.7600677671636,33.23236878949255
40.001858931136375,-119.03221083193192,29.78460922954428
43.06426740754726,-93.73083063143156,25.635405909138054
37.20408647847242,-103.5378048090719,27.973848165004288
35.21737230894072,-100.30866044782837,27.21879682002511
42.494303699135216,-97.1630042313376,23.974423053969794
41.45672085497558,-116.46937609516587,28.191862123835122
41.64953273349026,-93.6647528344092,24.690263944812557
36.35758170055255,-84.83790335478878,29.606746664124742
39.84198897736721,-83.1109176188855,27.47682594471194
41.30196196611777,-110.42800901784999,28.94711121481399
42.7155777176007,-102.71533623707991,22.08398066899743
40.16818457577403,-119.34702374825771,27.148055963890165
42.06968173091648,-109.03432699219466,24.760417077697827
40.882458365658906,-111.5977502848889,28.020940633023898
36.75611921609913,-91.11019243592737,29.71347124246295
36.09133292173477,-116.7537185421072,34.4204128148638
44.66722469065773,-106.7705502813258,26.66496475573373
36.286413197120204,-86.86502917367119,24.392982256496282
43.24942166138364,-111.5933240558608,25.217692688452416
35.89009078501301,-118.44290626200741,32.11549026813707
38.37673139756362,-105.32346821529939,27.767397732088455
43.261303232185206,-118.02117991298579,25.94217696516191
44.1114821170067,-96.87662893784203,27.79129064759903
38.73159217291797,-89.20720501255173,25.54294130600223
42.48361602472633,-83.37734543500696,31.593559345141315
43.729753175670396,-99.59081711157737,22.676833501549094
40.47241362909245,-118.27687516917824,25.91428680557891
42.710438136573686,-94.4597113937045,24.8367765454198
39.08896197081864,-107.55458675954667,33.32305906420011
44.85153792532051,-81.26652920454467,36.81293223312228
36.908111798892264,-106.41720484880159,28.00926196086708
38.410406461381804,-105.65478014018333,26.61925040821327
36.26404539411409,-105.18397249526156,30.14347741451766
41.09347278254867,-90.47805573839204,27.945426254204605
43.56443940159257,-119.60969078819345,28.67917446017188
41.15988919707396,-92.56792672430993,28.83415915094668
38.03123479881856,-102.07388453345249,26.01256724666286
40.230623979328286,-82.8941242907899,42.72940072569823
40.53882780118668,-96.81141238221429,30.300029999111743
38.66894535109632,-99.62493782359047,29.937484144096132
38.0890343568494,-119.3684010602735,28.52502185751699
35.61155368940047,-114.49600177111519,29.222515660898743
42.43733749347666,-95.27243313163683,29.95268715558129
38.24050005917805,-115.22212671545238,27.28248120795897
35.05562504594016,-100.02005007991002,27.506473166637676
41.34400454653328,-116.4704278132165,32.22099067846848
36.59635855649045,-98.4767800271834,31.219185118331474
39.25582876167559,-116.37624910358292,32.017633890870925
35.014578911214876,-99.09347979766184,32.36905180959478
44.89154708829537,-109.44872425134655,28.47918970102749
36.80044882929977,-82.59591510633483,29.660065729660605
39.65910479414231,-111.57162409694953,25.496246829794178
43.23125213069247,-88.75728030531931,40.16799009834529
44.93051396058856,-116.38330677363358,23.5453129927695
42.22095513628311,-97.21794444228087,29.660683035564006
40.592013527990325,-113.71549082854061,28.69916892323461
41.45230090329413,-98.76806331416502,26.079636802339248
36.39367692920208,-111.63003051223494,28.42334071470365
36.24343754162644,-102.86178527592094,26.35834550537783
43.73150436926639,-92.58047316621963,22.200758988770943
37.13600595812991,-101.59568470998549,21.249406328105195
35.420046627632125,-113.99516466904771,27.18859310867006
43.629686404701076,-110.94780752255807,29.057135727618245
44.01724454289241,-102.00921612333775,23.20605238516518
39.22339982015739,-84.56951437573944,27.96238064309962
42.73900078114805,-80.02634517303305,34.76495878712268
37.703552644158954,-100.44261763845276,29.554901064127346
37.07743244380948,-103.79447448526955,26.359964982864966
36.43136296348659,-95.20486806135182,27.580007239055988
38.845566742822896,-101.90270542807247,31.59748236115974
43.72480948531093,-113.5070400667234,26.797988877148608
39.53484182883322,-118.99430690755736,24.8702386661044
43.413210847959256,-102.92821546744037,28.39068419613796
36.12058395320435,-114.65722676975983,30.079936902468027
35.89376584736505,-104.6155751905544,30.580401368728527
36.25293952832693,-115.83246069452449,29.238823084077758
35.37171746429087,-96.5848731421555,27.001954961203623
41.57253001806397,-95.87712734989185,26.133567949611486
43.13103700851671,-86.37152255790353,30.38316916679771
42.17283921588504,-96.50370275276896,29.828862233991554
39.40490187625946,-106.35771541321617,29.144483660494604
36.03357644035848,-117.3521683990824,28.78060072005079
35.793438900084745,-102.2395191476308,23.996216774671986
41.17396782685558,-109.1254324660173,26.74924827308024
43.60689837983323,-100.00353423162372,23.307579918670662
44.552252971431265,-111.70688843121637,23.688638828521853
37.98596832836689,-109.42552470581995,25.891253025483106
41.12268600898644,-92.7692972824808,27.08404384275415
37.517055136403165,-85.56352577513891,32.318218417800054
36.61315297537939,-106.71533331299688,31.654549444354373
40.465532097615274,-119.55733187788015,31.20815740611068
35.81024489612475,-117.51593301493986,31.130171434716537
42.021132008562034,-91.05197578371104,27.97286295942886
36.59274089865566,-112.12793997068107,31.19733242058243
36.30388587041414,-80.05611869796815,27.419362697920295
44.04979466871192,-119.51544343705055,29.272263043621898
41.92491788386623,-114.72193175583539,24.55493848567066
39.06625751764596,-94.13244969933295,28.60254652148399
43.35859632190927,-89.04513627666691,32.81666678435744
35.71268157262212,-119.68790772863638,32.53472906356383
44.851351435532806,-96.62087740604954,20.723500203376666
37.49303547061631,-118.70406261388196,31.59362915218491
38.842260876816184,-115.93453360766895,32.173971443717846
44.830375389769436,-103.68830675368152,25.809163776918137
44.73729600645626,-103.65815751579204,23.988099548566964
39.04302110897066,-96.04353735636157,27.775297203137743
36.4760276421175,-90.33914388137859,30.239383993471126
43.565836295436796,-98.5819361503066,24.2691268649306
44.170999556417556,-96.54480249847899,27.078728668064464
38.01169450385752,-114.70227404236776,29.45345077180589
40.835871983235464,-84.55523733195827,35.981019851057106
40.472060319985204,-99.16177173510249,25.324252224507994
40.31811459640136,-108.52221426715175,31.056560248013284
40.8708261407874,-84.85290483805224,37.22406900688681
44.53853685318905,-83.45821805292178,37.71914674702791
39.07044075943002,-104.05957825487778,29.327699034446805
36.28273368373756,-118.15020331361404,36.249455257180855
36.86727836727937,-115.18604563612735,27.8290845196967
37.480018283186844,-94.77889830610312,27.654824674925006
43.52709373314248,-104.51658365291084,29.693393580759633
43.63044656008918,-99.00821196453785,22.249107408127635
35.29447416795021,-88.50071317711496,31.2268178153532
38.04527267186817,-98.61894761398908,30.566854866704734
37.9008995231448,-92.90403405352886,20.51352029482645
44.23780207087951,-119.73631406545117,29.16583485365529
43.29740741802415,-94.52339933999454,30.681862464567565
42.53359976265872,-111.4467732575433,26.264664313081536
38.42575890226348,-99.51093703306593,25.96136110332681
40.6891480817407,-84.55340768439962,39.05808908644649
41.808337713369525,-80.12398000703718,36.027132621084135
41.28860283044688,-81.1200440938999,34.81527118512126
36.404077872565104,-88.90346886459326,28.042941590398737
41.53884487291772,-104.27938599610349,19.223229433357574
44.812418838063735,-91.84282122331028,26.659212212052672
37.42640564260235,-82.63902373949455,23.780229023591282
41.70094831870391,-106.28961168280661,23.942059188778344
43.38829718506578,-80.48515003921833,31.67974769597791
36.168345339788715,-97.33593614727913,22.295322813341777
39.96311451607337,-87.18709949842936,30.681646877933296
38.49537896620122,-88.25645533817469,26.636906476778083
36.66813261805259,-87.93939945964229,26.998545838124954
44.42424295848303,-103.66701150963735,24.68585704980767
40.98993686609185,-81.22434545986869,32.38329934593213
38.80388568296647,-86.79101013352022,21.91305592260701
42.661668576861246,-112.82268909127323,30.24061470685057
36.72994533423865,-104.22306122173573,29.766616258688476
41.95280784923764,-83.47291225026339,41.76650721302536
44.01160478107951,-108.85035655684462,26.12942617620687
41.533170730239284,-109.78741510055049,26.584680156402012
39.47752946006891,-81.92167909702091,30.087659812752634
42.54248482975428,-93.85028394659022,24.11555658197169
40.59087784032515,-91.84485061076322,29.457495479895414
44.35709260273466,-96.5263408847674,22.725479350837663
35.4823505591559,-96.191483736067,32.35633499016249
40.27839334583901,-90.58940032015357,26.749388473741806
40.8543746355429,-99.75629791296609,28.116986461111463
37.22555041430974,-117.20750156372898,32.35278217254908
40.21582540187937,-113.86287255742334,27.82371670957485
40.54996075435546,-83.21290834372977,34.275188806388016
42.22222844595661,-108.40815841041729,28.729049297416186
39.509834517692376,-108.38586132368341,29.276974105446467
43.8789409172934,-115.38841435191053,28.67048805951312
43.67558060305906,-105.94358895452459,25.198911522673868
40.77486397666801,-111.77894280375168,24.88240479935578
37.90997831227331,-83.29735278858674,30.651259993034113
39.149695350413175,-88.76467717541672,25.49650137916258
44.95089903925075,-88.72542913118994,31.361582091619923
36.25355206075592,-98.74784377669371,33.86022696146635
42.64156113074057,-100.91550945186859,22.964454913175786
40.21341520525467,-117.53175613107017,28.08899053644817
43.17528224669525,-95.42978777826306,29.648545807853154
37.85374195498042,-104.62539794634253,24.339331191975
43.662007642003374,-112.87332853386374,22.99269728448613
38.518090339071975,-95.09940196836459,25.43817137919383
39.63874290420131,-104.61650292706125,30.211470701075264
37.44702429213985,-118.940196578847,30.13919429141757
44.349783951554244,-119.23948412312818,33.78986539526102
44.26209893967495,-111.56636923705472,24.999902828859966
44.3651795003199,-114.36543289535015,29.43494969026996
42.578613447241835,-98.88082310199637,33.362618245934584
36.65735296996681,-85.5859140259291,27.999023285033324
44.83343911233086,-113.29242965087694,26.64907268514885
36.1184089259814,-111.57170908113655,31.672221449181702
42.76574883306906,-110.9238454338589,27.549320500429207
36.03179702675999,-96.65885312486253,31.68488499492905
35.84535372039018,-82.97963490161649,29.749004431847776
40.6273458355957,-108.09257424628875,27.52608141666669
40.75902828020626,-114.52067287345928,31.3477271361505
44.337053835474464,-88.27454354630851,34.11473339144165
37.14106887691066,-100.80888745894154,30.628790738339084
43.44685016241442,-97.21700556248565,21.599334781590883
39.58038193877267,-116.35372599131554,27.637864935200614
44.2505670924085,-108.20123361585374,26.692906303962182
38.77000845869083,-117.06077245320193,30.34649645427266
36.914983531154974,-103.85727471142674,25.655743539393026
44.89722974122398,-101.36816064639932,21.156075736836776
38.56105712863737,-87.16528943685002,32.422150056815624
43.5235614287798,-93.60428215528913,28.30255450564297
43.87551642091937,-110.31361668311283,17.211986089488278
42.500561604289096,-80.44897205056174,35.507856613725586
38.82038847924261,-111.31431862921188,22.788025764510177
37.4042271364356,-91.94493707784974,28.662328859081544
41.18607236354441,-119.71522117264412,22.747669296843718
39.578576074909,-81.26606252888135,30.09468042619403
37.97045612539985,-83.83987368530555,25.843816796969556
43.57579487622539,-109.21662843643311,26.290681140797794
44.280542783163206,-100.84221029572726,27.204827624061785
35.19749574035817,-82.9641064153177,26.39629785489319
38.61150895191785,-101.65818486585961,29.44606744399006
44.324219351104254,-81.75766501814678,35.997800979990984
37.26717157795695,-98.47282960283673,33.45877685617736
37.11191936145283,-82.10693120578819,25.382319418057815
41.42950927963747,-86.80209982751865,35.536887895216736
42.419542524521496,-80.82054239650348,37.44766978805687
36.180016784895,-111.76517186362419,30.454773573351073
40.3831716925692,-113.57574829858125,25.101965924503872
44.451156310121114,-95.15697821004493,23.589822563744896
37.65534423796322,-85.18573206196405,28.843720608317387
38.36313592219277,-107.80673178864075,24.78869090220937
38.15269847063985,-112.05188948422682,25.955881527036208
44.794197827222106,-92.45187212720235,23.165797523617023
39.348553751584376,-92.69151697133654,27.279631591070142
43.41758573009357,-83.84325298006138,39.249986958947254
37.910295579663824,-106.40981176751079,31.66025413959853
37.87879120152585,-110.82710958645559,30.677614666293696
36.32534252598578,-118.80654925618562,24.544626779618007
38.94528340369927,-109.20353009978594,28.515262578504647
41.6233206076769,-112.14097925146946,23.342101303498616
41.16174761192019,-107.58379299836928,33.02417959192726
41.522108720111575,-87.11530831934598,39.63474863654713
38.473322455292106,-92.79930186688213,24.27372887317039
41.7140319248182,-100.50856376789525,28.95969408593058
37.10551755516293,-110.95331098678201,21.24597319567719
41.36334155817779,-109.6361587356088,25.586323272609153
36.71327501346864,-106.1198892945544,25.055672198453895
36.39284909134778,-101.71552974605554,30.430901031628654
43.04855700305481,-119.78969619990657,28.969065420868823
41.844385053718405,-111.07348910952274,26.986907278225917
42.41133180538855,-115.75797583456207,25.91920639121732
37.5378076626138,-113.0874152382305,30.88368255078162
38.576745544929295,-113.0925693761656,31.205021666422954
39.289940120334634,-95.13366543165269,26.711034197637414
40.46347776917055,-110.41144829681068,29.647802388046102
36.68986135667284,-110.11982134635338,33.41543371968123
37.446786369019435,-83.33744747421505,27.606902520332703
43.17436664822453,-90.93809653346219,27.65377448373338
41.205360456276836,-101.29603316272974,26.569407520232105
41.67265883337896,-113.76906593999267,27.45375452310215
35.0665563515207,-108.75116429201528,26.94283015198961
39.56697060346195,-117.21418842360723,28.242461683821944
36.1941906047815,-82.81655996012175,28.644028295980974
40.838265810497866,-96.27632692065515,34.20596652945163
40.92416292857084,-116.25377337095156,33.53485911510792
35.56148108511363,-119.34965437999571,25.73569310583182
35.073593387145834,-102.43543884710408,24.245158502494146
36.9116335700801,-81.33727767632789,24.396529101843388
41.17089010686058,-83.20422164896893,39.64831528861109
40.480179921933185,-117.95645759664575,28.900537066714925
43.7682410619894,-86.24292323143504,32.74215924092392
44.025781406864155,-86.35107536518599,35.772006220148526
35.88095637050359,-99.32759809082151,31.06141006441716
38.3662539610073,-117.19605119836812,34.61728731201905
44.37248060054938,-91.7018698591091,24.702583365912087
38.636484891406205,-83.34389173465102,31.241775260632625
42.088769884461264,-83.60250300460115,35.78234286133189
42.73395659220001,-95.48442858714745,30.133319906477976
38.79755516365908,-104.75367065378006,26.435574684984083
41.56446791498207,-107.42143324884985,29.88593261678091
44.786812841462684,-82.15214635998731,35.89402264316882
42.45257016158774,-115.6760663397791,26.932721616436194
37.353853857059946,-108.70972911908144,27.44489314117591
40.20110253504649,-106.80272674252424,25.069693952892397
38.41703195868426,-92.75219406177625,31.516909445515044
40.82542393612144,-110.8399294387879,30.4798069993821
38.868857195368754,-113.66064408330314,26.602851237292892
38.013035143540755,-89.53531594766206,27.58550101006943
39.5036705144944,-99.1549448139354,27.434442774728304
41.73395899617669,-92.68437063570713,27.91130485651355
43.40355558829261,-108.72982351671837,23.646266635310614
37.02379738958318,-114.95029256038477,38.287922533488484
37.01685972576082,-83.00581485343773,32.48483367679354
40.72239895017448,-116.51175384837278,25.16680332392084
35.87829769513932,-117.28425613528945,29.348535125632367
41.50489532125477,-97.38991966191367,23.139637311283995
44.579883404792724,-117.79145264703351,25.95749802353588
43.70789470086127,-119.79862433508276,18.952056616320313
44.83225788137389,-96.93718119784944,20.46039080350328
37.79956252146248,-107.16204384900546,31.967166573091514
44.81093560494382,-108.18155036641303,23.30216253203217
42.25550871762101,-105.8538802976352,28.612426555577137
40.826990289284865,-116.43064425339104,27.620965905758403
36.767451297144156,-98.7632140484017,26.713376827121394
38.35851976358024,-106.20390306911146,27.313856333274828
40.06732129577121,-90.8512069394835,28.692224758016124
40.38322239018521,-94.57967799295058,28.779275174012653
44.873878054481615,-107.01199516922725,23.57308969311816
38.22723226275842,-104.32591457481693,18.233385581591026
40.54948193153404,-106.62303052047649,29.101567635595035
41.40186587872864,-117.69628513033247,27.35024939753439
38.42784472793855,-107.6412639184258,25.809325116604267
38.13341724158431,-117.15693864592251,30.567760510927393
40.46641106776869,-90.79895455405278,23.034267134833122
40.89370280287675,-96.09767869221233,29.025179552299893
36.5543472046849,-108.949115997958,31.93497373418934
41.8716087097111,-88.58480199491503,33.641434480625904
36.10181621162455,-85.25941384139222,31.336811828751074
40.26136732948369,-117.56230410912421,30.88781178733327
40.50643133133147,-91.07231624601985,25.109544682034482
35.539350874585644,-92.59710156706294,37.238852613893165
44.88880646607576,-109.42974291959263,22.818296787395212
38.732276240949986,-108.23450049320876,29.359175966523566
40.015499165388626,-98.12448703637864,25.33238867544582
42.27695469701152,-96.51300616187561,32.08323569900753
40.816431228043655,-101.80235066851729,26.771486919218095
38.46242477584338,-87.52156745266302,27.850231566777918
37.821527387533806,-83.04894884475931,27.990238715136353
44.69466099577975,-89.51015432739673,34.405015183981405
39.424184332629,-99.07860864124149,28.891327851675243
37.12304912845384,-87.65090934443614,29.109122589724585
44.24165158142782,-93.11033217828478,25.95493083031575
39.66244747540408,-112.09800589033195,23.16380673753718
39.51275971488825,-118.39687201152043,25.886275003518726
42.42781190417679,-91.28398694515707,24.789780314717998
43.387824838423604,-94.66347396367257,23.147580292518853
39.59325470246536,-92.32517943474856,26.111811712860245
42.874099369170274,-118.76130265069406,29.776918641428555
37.50011312324819,-111.20174224327984,32.762669268093745
38.6760067979981,-101.49509218271106,24.9664708838867
41.67758851212719,-98.37742939386402,27.86380005068256
42.94793768288351,-83.18209798090392,33.768360525560496
43.637572496084246,-88.7663762301424,30.76312587024212
42.56624657294587,-101.22615250053778,21.103904947410648
42.57989438498599,-118.27235430818665,32.36005675725691
40.17674532351266,-112.54347281419317,23.51533526264177
43.85100136041002,-104.85480002196738,25.591133655579704
38.05847987326316,-84.19315865300436,30.84772468242591
41.65887964825106,-93.76076410713067,25.791138312748853
40.720048811378874,-92.74548330358684,29.752252881806097
37.32325501097425,-111.03786357973735,31.696815908261332
40.27832956565958,-95.6970199329358,31.098719188485568
39.55179689458762,-91.58463356234999,27.58915004743956
43.361695101508374,-114.65458769417961,24.960848331006936
40.60162914242603,-90.8498180181447,28.772957101697326
42.250932337227646,-100.01913043480863,29.466580527208873
43.95541523097896,-80.35519083284306,35.06440195579488
40.393962017366974,-81.28368580857078,34.493187280870124
35.456760921411764,-101.90925702363863,29.721316550575104
36.67195468143209,-101.47745847197095,25.534823451875354
43.628993307696724,-95.24912019621856,22.067066388610208
37.552777755816734,-96.87923488492629,25.580428303668498
43.95969439569571,-114.92806359657379,24.614117423996007
39.37863031561254,-103.37294039912443,29.505913660657377
42.924737779209536,-86.49320239010964,45.33706081805922
39.8858045208906,-119.79469629320235,29.528030173019484
37.25558603154944,-91.02541467726888,27.225011161653285
43.94637478589126,-103.02931164553249,33.63902842119635
39.79753046372273,-93.49349764604534,29.742167624777174
38.63470083181233,-113.51880192147334,27.203742073594334
39.17755191700375,-109.18110760738946,23.024085535059335
39.94951179973785,-118.20496500601338,24.08374317924782
43.643244186543164,-114.81679727741286,29.212027228743132
40.36111872684006,-82.04770951239396,36.05040265849256
38.85439141323249,-108.26182434948738,26.00173543498277
35.28900051984158,-97.45274912572872,33.31021884439617
36.66761361688626,-86.92657105503618,31.994975754454178
39.75576996508362,-113.94011463448285,28.84570787659351
35.71088769129837,-109.2534253509576,34.979244610800976
43.50581399787737,-110.32190866964402,27.276312028792823
41.076472362198615,-118.86687550633393,25.210994073973406
40.74594779777532,-104.98317028228588,27.499581886279046
43.89362535133877,-92.72971684457478,25.8353378524234
39.29673462398906,-83.34418498124501,26.062003920256306
38.27273196516928,-109.00203630376275,28.831209166562406
37.5693313719304,-97.31619963474289,28.818354803740625
39.544016128648316,-118.36626104295785,25.695178499653984
38.16113555839864,-112.8955986333945,29.804336720291417
41.340525108768745,-117.67676170287235,22.796320348904867
39.94909453650912,-118.0816029094986,32.42374873052991
40.300031595398785,-92.90754396113519,26.105300585834502
42.49464362676163,-119.46874015943132,31.577306800332455
37.62135556101035,-117.73822968410225,28.997049000368104
44.857907519901296,-102.87490836254577,26.901823005343445
39.009389644170696,-102.38678001790589,33.56791679127947
37.936658201243176,-94.11928481201244,30.011550535279113
41.7236109069822,-112.02791649495371,19.87826644853815
35.010051645845394,-104.20814852460141,31.77859995205538
37.796190091767556,-84.37402630126617,27.09611865217236
42.146149659246326,-91.00077406339828,27.2795953844825
42.16538570961853,-88.28265364448738,35.169537433718915
35.441291826195204,-110.3383693962771,27.444107750675016
37.74295574512471,-102.64278197252787,27.78697365557049
40.78624261774986,-99.6670105532563,28.901349207318308
44.46652451386219,-86.25004763456687,35.6277273295199
40.56752129640625,-114.25491034708739,22.345400767197866
40.26368166923744,-117.25978768703851,29.586007210869244
43.28863159668335,-105.8238273095567,19.258325705649575
42.82037910888518,-108.84430256129298,25.478793518623206
35.594393218781434,-84.9230919932423,30.41451758405309
40.65307621931381,-92.34213172658174,29.55255611599025
44.63997409826109,-90.50306127988348,24.741621773976334
43.492403876478456,-86.39334367284252,40.54725226663324
44.4657913618845,-105.59994931169442,26.038815996472884
36.027131806012775,-91.06112183308097,28.19383691578785
43.81852041639482,-80.04991801784702,36.14496031052289
39.99220852707984,-85.03051959954551,27.79014421102481
42.59790929013619,-113.67255131308848,26.541198423419605
44.91342274037208,-108.36603068079961,22.64888250171518
39.891815332272344,-99.48773260495605,28.653459620615013
41.75032725761301,-102.9632081397437,26.244582169428316
41.02279639720845,-87.47481360476367,36.77625915315173
43.693315794155495,-105.92625812246456,23.531079715722413
36.203464402302146,-117.66988325596121,31.394013824570397
36.29517161492273,-94.91619430002746,22.64373855955092
39.127141455644924,-111.37579094824808,30.08188649285627
36.76691449563139,-111.56625922059592,31.165351727834846
40.35745387321921,-107.23850018892338,27.967382096040044
36.956061368478586,-97.438717379765,27.546617118739302
36.684088634436435,-114.22787334094733,28.13798125508384
36.50596433457901,-91.24584968046732,27.403588943791146
35.49048183295039,-88.13888654350686,29.449609734661948
41.232223978153364,-95.7231005139116,26.100012175069303
40.530663292523855,-103.534468263822,30.569497113007337
43.722697134117695,-108.66112125354685,24.167767533231807
44.10334496120877,-115.80997346617647,24.231619363818872
37.70081537646337,-95.89314137126766,26.133884950782132
39.026070224571846,-106.05321677122382,27.899518176514537
36.35193115775381,-119.53357914033535,27.460887006189402
44.277662458386956,-84.31147766327398,35.323639877726634
37.403553524022236,-112.14451069203919,27.861208061893535
38.7564278436641,-97.71952459165595,26.894766302194
44.96320529260554,-92.39943537169417,26.133506387650442
36.58485496964328,-82.13334052862564,33.96466821763051
40.352918575877986,-91.79685716419452,27.116661287983245
41.29036858447039,-80.13336935805327,38.98522269005356
35.371526853019674,-117.50501131396645,28.062337777107963
42.36090422541355,-82.05314950003033,36.66473037730748
42.49331877196305,-104.20228091960328,19.52524361753462
42.623049644515504,-112.87878395172507,25.33062136146471
41.53676913465142,-88.70000891803303,35.887806901051626
41.306058521851455,-107.05527133549369,30.804989961511513
37.67804563235551,-89.37449233588323,29.05024582782237
43.470108946280014,-88.7495337008315,36.121030863057015
38.09022754647678,-115.33246264880563,28.740575094167088
39.22846178558717,-89.94703212449004,28.12874879150741
41.68833127190831,-115.60039390522424,26.42694110327974
40.691109688651345,-91.1140510793453,32.427735680579325
44.006037667133626,-111.8576260793156,25.737485194705325
35.06688066658648,-92.78065308133003,22.795676224268178
43.61278573582781,-99.25439332638254,23.116356574638314
40.220590769917806,-88.61856768893949,37.040058057668965
37.83462119019262,-89.23030470957642,32.261994623745736
40.73629974111831,-100.03831686930471,26.901506710752
39.61733703474011,-108.32763591134847,31.148194242196862
38.01963384717542,-97.38230543001251,30.791968401214614
37.88649150613223,-82.82334101104814,28.727447097753135
42.252932907720556,-117.4253854051255,22.9500144142205
41.85175103144559,-105.22614491424616,26.375024756293193
42.57362555376221,-101.29550826187153,27.194585656237948
37.86736671973671,-109.66637109525817,33.479658395259065
44.81241274168999,-97.93504590101284,28.32219142341048
40.99925625012485,-86.99761769615132,41.82171126308337
37.52476102338696,-93.25633247016782,30.599651344708924
38.04448193115975,-119.45801221850915,36.675189375543525
44.66237465641339,-81.36598777421072,33.534535840113435
43.96209538383747,-100.39500870486047,29.05428883076506
35.106604661421215,-105.13319536282084,33.842129407564464
41.24438544265288,-118.4642682415731,30.79367672370991
38.07062729211054,-86.70281296839407,26.538645695549704
42.857872751814895,-108.6621796587798,28.591810439511345
40.58936479752924,-94.52178185718573,27.53850800462059
37.84875089700291,-113.66096817345722,28.564737597948834
43.56423907299103,-108.21586125477143,25.1346499206598
41.74559333816366,-95.2761218073929,23.97507009936993
39.504227565197624,-84.88842239340553,33.720617847444636
41.039689036598176,-104.83519650246993,24.206762981404065
42.25037036662102,-91.0250475851727,28.755200352866034
39.97588701887045,-108.03217762606651,26.59554182566101
36.95823588135152,-102.209330527107,31.374714249376286
41.27009910129744,-114.23682343361314,30.178608988628422
37.08030647843667,-104.12106628614899,25.839236668146164
35.3903200074115,-113.76342299612155,32.319269618209574
42.42425167429439,-81.40604495968334,38.41349085990196
40.61320243598671,-81.87264153590135,31.653648263678814
35.36973108920517,-97.57552137462085,32.56647138231598
36.21950696098926,-103.14165146394654,26.49785903563594
44.426883816227914,-90.9656335193273,27.67761688706605
37.42216684206376,-111.35326226819822,26.01116105765601
36.9948862039513,-93.56106442803753,30.74710299799142
37.53112303666412,-91.06632459327493,28.3876744937963
36.2743610826809,-104.94094442595186,27.87109495654917
42.576672404712156,-81.04276431591911,35.0647999964624
38.95654210805373,-110.75596660733173,31.96451176768825
44.6431501338506,-96.52238369695951,22.330322277574975
39.36108324926311,-101.79962981970253,29.411053056730243
40.56401006102115,-111.06905026341511,23.882122864927883
36.6653140844015,-103.7316019303407,33.80622544931603
36.249059563816594,-99.23360122637665,29.422459160623525
40.020721242107214,-116.48014327996263,33.332426234341426
42.94729309862409,-101.47071831861572,33.30113782658049
41.41169589438271,-117.6464428977666,28.024383968633877
40.34272452479947,-93.39653157898297,25.293147862408492
43.78095223489443,-97.61831415353114,26.24081299278906
41.07305781010926,-92.82600153952059,24.2765146983018
43.425566363718936,-83.78192030225405,39.39934745748811
35.56922189981135,-115.8509102689679,26.130650197339765
41.789742446743894,-105.5807880210286,26.786353807429283
36.995130416301855,-113.57981278611551,36.113440453869565
35.102698639535745,-102.27109729947217,29.322254143859727
44.52000511773896,-119.03775294605452,25.659079289495338
43.03772200746103,-113.86142667451035,23.064498894755012
43.240736232110706,-90.27221904671109,29.130073446052755
39.79522186115931,-104.15606579379258,23.452293401500327
40.328832579077385,-119.52509681988252,26.54374601870389
39.74896415243358,-117.86794739087979,32.438642189114844
40.661687297246296,-106.5911483981404,23.853883158178718
42.02706215119558,-110.52921205804401,30.99078252372243
42.284352332129366,-116.58073728609145,26.39228834122929
44.89307141583199,-109.5054429409374,26.50659128173574
44.923023478224934,-102.27940769171292,26.408933701674968
41.332081346066566,-119.61314480845496,25.985979593530462
38.197319787030025,-102.18484142753601,33.340439331459315
41.75186868780908,-100.62656185211235,26.281031488178666
41.32452896441125,-117.31097603260879,30.376193663313053
44.57785692741602,-96.02087780625598,24.57475052115072
36.379846102923054,-110.5057775609102,33.01027841583889
43.93829394058754,-95.43806312490543,22.402158263954348
43.21900284786057,-118.31106730309581,24.244265099671754
44.278390230567275,-112.64437760025386,22.420955451835553
40.99531510296238,-103.50774588226577,25.46918860861189
42.6634665491266,-84.07172931376769,34.82528282397621
42.69963875650551,-112.48245035484044,29.482339375452074
